I be makin' soup.,Who be makin' soup?,I.,Unnamed: 3
I be makin' houses.,Who be makin' houses?,I.,
I be cookin' beans.,Who be cookin' beans?,I.,
I done gone home early.,Done gone home when?,I.,
I be sin'in' a song.,Who be sin'in' a song?,I.,
I be lovin' dogs.,Who be lovin' dogs?,I.,
I be playin' the piano.,Who be playin' the piano?,I.,
I be goin' to concerts.,Who be goin' to concerts?,I.,
I be swimmin' at the beach.,Who be swimmin' at the beach?,I.,
I be goin' to the mall.,Be goin' where?,The mall.,
I done fixed the car.,Done fixed what?,The car.,
I never ate no fruit snacks.,Never ate no what?,Fruit snacks.,
I done designed those stickers.,Designed what?,Those stickers.,
I be writin' a story.,Be writin' what?,A story.,
I done made that program.,Done made what?,That program.,
I done cleaned the room.,Done cleaned what?,The room.,
I be watchin' them kids.,Be watchin' who?,Kids.,
I be eatin' chicken nuggets.,Who be eatin' chicken nuggets?,I.,
I like them fruit snacks.,Who likes them fruit snacks?,I.,
I be playin' viola.,Who be playin' viola?,I.,
I be conductin' an orchestra.,Be conductin' what?,An orchestra.,
I be lovin' warm weather.,Who be lovin' warm weather?,I.,
I never ate no peppermint bites.,Never ate no what?,Peppermint bites.,
I dig vacations.,Who dig vacations?,I.,
I done drank water today.,Done drank what?,Water today.,
I be likin' carpet floorin'.,Who be likin' carpet floorin'?,I.,
I done charged the computer.,Charged what?,The computer.,
I done went to the dance.,Done went where?,To the dance.,
I done put them stickers on the wall.,Done put stickers where?,On the wall.,
I done pay the bills.,Done pay what?,The bills.,
I takin' a test.,Takin' what?,A test.,
I takin' a train.,Takin' what?,A train.,
I boardin' the airplane.,Boarded what?,The airplane.,
I done left the park.,Left where?,The park.,
I never made no friend.,Never made no what?,Friend.,
I done listened to music.,Listened to what?,Music.,
I done painted a landscape.,Painted what?,A landscape.,
I done improvised a presentation.,Improvised what?,A presentation.,
I done performed a musical.,Performed what?,A musical.,
I done studied hard.,Who done studied hard?,I.,
I done made a reservation at the restaurant.,Done made what?,A reservation at the restaurant.,
I done calculated averages.,Done calculated what?,Averages.,
I done lost them keys.,Done lost what?,Keys.,
I done sold them clothes.,Done sold them what?,Clothes.,
I be dancin' all night.,Be dancin' when?,All night.,
I be knowin' her.,Be knowin' who?,Her.,
I done recognized him.,Recognized who?,Him.,
I never saw no dog.,Never saw no what?,Dog.,
I done volunteered at the park.,Done volunteered where?,At the park.,
I never lost no game.,Never lost no what?,Game.,
I never won no match.,Never won no what?,Match.,
I done picked up the phone.,Picked up what?,The phone.,
I be scrollin' down the webpage.,Be scrollin' down what?,The webpage.,
I done did the homework.,Done did what?,The homework.,
I done cleaned the window.,Done cleaned what?,The window.,
I be openin' the window.,Be openin' what?,The window.,
I done closed the door.,Done closed what?,The door.,
I drew them pictures.,Drew what?,Pictures.,
I done took them.,Done took what?,Them.,
I be buyin' colored pencils.,Be buyin' what?,Colored pencils.,
I done created an origami plane.,Done created what?,An origami plane.,
I done 15 hours of sleep.,Who done 15 hours of sleep?,I.,
I be buying a leather jacket.,Bought what?,A leather jacket.,
I be seeing a Broadway musical.,Saw what?,A Broadway musical.,
I done wrote 20 pages.,Wrote what?,20 pages.,
I be needing to write 20 pages.,Needs to write what?,20 pages.,
I drew on the blackboard.,Drew where?,On the blackboard.,
I never found no iPad.,Never found no what?,iPad.,
I never bought no pen and pencil.,Never bought no what?,Pen and pencil.,
I be learning to code.,Be learning to what?,Code.,
I done found the treasure.,Done found what?,The treasure.,
I be playin' soccer.,Be playin' what?,Soccer.,
I be injured.,Who be injured?,I.,
I never woke up to no cold weather.,Never woke up to no what?,Cold.,
I done stepped outside.,Done stepped where?,Outside.,
I be goin' to bed.,Be goin' where?,To bed.,
I be fallin' asleep.,Who be fallin' asleep?,I.,
I be takin' a nap. ,Be takin' what?,A nap.,
I never got no sickness.,Never got no what?,Sickness.,
I be puttin' on a hat.,Be puttin' on what?,A hat.,
I be callin' the principal.,Be callin' who?,The principal.,
I never fell off no swing.,Never fell off no what?,Swing.,
I never found no seashells.,Never found no what?,Seashells,
I be visitin' a family member.,Be visitin' who?,A family member,
I be pausin' the song.,Be pausin' what?,The song.,
I done invited a friend.,Done invited who?,A friend.,
I never hung out with no friend.,Never hung out with no what?,Friends.,
I be composin' new music.,Be composin' what?,New music.,
I done wrote a novel.,Done wrote what?,A novel.,
I done exercised at the gym.,Done exercised where?,At the gym.,
I be stayin' hydrated.,Be stayin' what?,Hydrated.,
I be playin' with the dog.,Be playin' with what?,The dog.,
I done practiced for 40 hours.,Done practiced how?,For 40 hours.,
I be goin' on a rollercoaster.,Be goin' on what?,A rollercoaster.,
I be rollin' down the hill.,Be rollin' down what?,The hill.,
I done turned off them lights.,Done turned off what?,Lights.,
I done knitted a scarf.,Done knitted what?,A scarf.,
I never voted in no election.,Never voted in no what?,Election.,
I never drank no coffees.,Never drank no what?,Coffees.,
I done bought new earrings.,Bought what?,Earrings.,ANSWERS
Y'all be makin' soup.,Who be makin' soup?,Y'all.,
Y'all be makin' houses.,Who be makin' houses?,Y'all.,
Y'all be cookin' beans.,Who be cookin' beans?,Y'all.,
Y'all done gone home early.,Done gone home when?,Y'all.,
Y'all be sin'in' a song.,Who be sin'in' a song?,Y'all.,
Y'all be lovin' dogs.,Who be lovin' dogs?,Y'all.,
Y'all be playin' the piano.,Who be playin' the piano?,Y'all.,
Y'all be goin' to concerts.,Who be goin' to concerts?,Y'all.,
Y'all be swimmin' at the beach.,Who be swimmin' at the beach?,Y'all.,
Y'all be goin' to the mall.,Be goin' where?,The mall.,
Y'all done fixed the car.,Done fixed what?,The car.,
Y'all never ate no fruit snacks.,Never ate no what?,Fruit snacks.,
Y'all done designed those stickers.,Designed what?,Those stickers.,
Y'all be writin' a story.,Be writin' what?,A story.,
Y'all done made that program.,Done made what?,That program.,
Y'all done cleaned the room.,Done cleaned what?,The room.,
Y'all be watchin' them kids.,Be watchin' who?,Kids.,
Y'all be eatin' chicken nuggets.,Who be eatin' chicken nuggets?,Y'all.,
Y'all like them fruit snacks.,Who likes them fruit snacks?,Y'all.,
Y'all be playin' viola.,Who be playin' viola?,Y'all.,
Y'all be conductin' an orchestra.,Be conductin' what?,An orchestra.,
Y'all be lovin' warm weather.,Who be lovin' warm weather?,Y'all.,
Y'all never ate no peppermint bites.,Never ate no what?,Peppermint bites.,
Y'all dig vacations.,Who dig vacations?,Y'all.,
Y'all done drank water today.,Done drank what?,Water today.,
Y'all be likin' carpet floorin'.,Who be likin' carpet floorin'?,Y'all.,
Y'all done charged the computer.,Charged what?,The computer.,
Y'all done went to the dance.,Done went where?,To the dance.,
Y'all done put them stickers on the wall.,Done put stickers where?,On the wall.,
Y'all done pay the bills.,Done pay what?,The bills.,
Y'all takin' a test.,Takin' what?,A test.,
Y'all takin' a train.,Takin' what?,A train.,
Y'all boardin' the airplane.,Boarded what?,The airplane.,
Y'all done left the park.,Left where?,The park.,
Y'all never made no friend.,Never made no what?,Friend.,
Y'all done listened to music.,Listened to what?,Music.,
Y'all done painted a landscape.,Painted what?,A landscape.,
Y'all done improvised a presentation.,Improvised what?,A presentation.,
Y'all done performed a musical.,Performed what?,A musical.,
Y'all done studied hard.,Who done studied hard?,Y'all.,
Y'all done made a reservation at the restaurant.,Done made what?,A reservation at the restaurant.,
Y'all done calculated averages.,Done calculated what?,Averages.,
Y'all done lost them keys.,Done lost what?,Keys.,
Y'all done sold them clothes.,Done sold them what?,Clothes.,
Y'all be dancin' all night.,Be dancin' when?,All night.,
Y'all be knowin' her.,Be knowin' who?,Her.,
Y'all done recognized him.,Recognized who?,Him.,
Y'all never saw no dog.,Never saw no what?,Dog.,
Y'all done volunteered at the park.,Done volunteered where?,At the park.,
Y'all never lost no game.,Never lost no what?,Game.,
Y'all never won no match.,Never won no what?,Match.,
Y'all done picked up the phone.,Picked up what?,The phone.,
Y'all be scrollin' down the webpage.,Be scrollin' down what?,The webpage.,
Y'all done did the homework.,Done did what?,The homework.,
Y'all done cleaned the window.,Done cleaned what?,The window.,
Y'all be openin' the window.,Be openin' what?,The window.,
Y'all done closed the door.,Done closed what?,The door.,
Y'all drew them pictures.,Drew what?,Pictures.,
Y'all done took them.,Done took what?,Them.,
Y'all be buyin' colored pencils.,Be buyin' what?,Colored pencils.,
Y'all done created an origami plane.,Done created what?,An origami plane.,
Y'all done 15 hours of sleep.,Who done 15 hours of sleep?,Y'all.,
Y'all be buying a leather jacket.,Bought what?,A leather jacket.,
Y'all be seeing a Broadway musical.,Saw what?,A Broadway musical.,
Y'all done wrote 20 pages.,Wrote what?,20 pages.,
Y'all be needing to write 20 pages.,Needs to write what?,20 pages.,
Y'all drew on the blackboard.,Drew where?,On the blackboard.,
Y'all never found no iPad.,Never found no what?,iPad.,
Y'all never bought no pen and pencil.,Never bought no what?,Pen and pencil.,
Y'all be learning to code.,Be learning to what?,Code.,
Y'all done found the treasure.,Done found what?,The treasure.,
Y'all be playin' soccer.,Be playin' what?,Soccer.,
Y'all be injured.,Who be injured?,Y'all.,
Y'all never woke up to no cold weather.,Never woke up to no what?,Cold.,
Y'all done stepped outside.,Done stepped where?,Outside.,
Y'all be goin' to bed.,Be goin' where?,To bed.,
Y'all be fallin' asleep.,Who be fallin' asleep?,Y'all.,
Y'all be takin' a nap. ,Be takin' what?,A nap.,
Y'all never got no sickness.,Never got no what?,Sickness.,
Y'all be puttin' on a hat.,Be puttin' on what?,A hat.,
Y'all be callin' the principal.,Be callin' who?,The principal.,
Y'all never fell off no swing.,Never fell off no what?,Swing.,
Y'all never found no seashells.,Never found no what?,Seashells,
Y'all be visitin' a family member.,Be visitin' who?,A family member,
Y'all be pausin' the song.,Be pausin' what?,The song.,
Y'all done invited a friend.,Done invited who?,A friend.,
Y'all never hung out with no friend.,Never hung out with no what?,Friends.,
Y'all be composin' new music.,Be composin' what?,New music.,
Y'all done wrote a novel.,Done wrote what?,A novel.,
Y'all done exercised at the gym.,Done exercised where?,At the gym.,
Y'all be stayin' hydrated.,Be stayin' what?,Hydrated.,
Y'all be playin' with the dog.,Be playin' with what?,The dog.,
Y'all done practiced for 40 hours.,Done practiced how?,For 40 hours.,
Y'all be goin' on a rollercoaster.,Be goin' on what?,A rollercoaster.,
Y'all be rollin' down the hill.,Be rollin' down what?,The hill.,
Y'all done turned off them lights.,Done turned off what?,Lights.,
Y'all done knitted a scarf.,Done knitted what?,A scarf.,
Y'all never voted in no election.,Never voted in no what?,Election.,
Y'all never drank no coffees.,Never drank no what?,Coffees.,
Y'all done bought new earrings.,Bought what?,Earrings.,
We be makin' soup.,Who be makin' soup?,We.,
We be makin' houses.,Who be makin' houses?,We.,
We be cookin' beans.,Who be cookin' beans?,We.,
We done gone home early.,Done gone home when?,We.,
We be sin'in' a song.,Who be sin'in' a song?,We.,
We be lovin' dogs.,Who be lovin' dogs?,We.,
We be playin' the piano.,Who be playin' the piano?,We.,
We be goin' to concerts.,Who be goin' to concerts?,We.,
We be swimmin' at the beach.,Who be swimmin' at the beach?,We.,
We be goin' to the mall.,Be goin' where?,The mall.,
We done fixed the car.,Done fixed what?,The car.,
We never ate no fruit snacks.,Never ate no what?,Fruit snacks.,
We done designed those stickers.,Designed what?,Those stickers.,
We be writin' a story.,Be writin' what?,A story.,
We done made that program.,Done made what?,That program.,
We done cleaned the room.,Done cleaned what?,The room.,
We be watchin' them kids.,Be watchin' who?,Kids.,
We be eatin' chicken nuggets.,Who be eatin' chicken nuggets?,We.,
We like them fruit snacks.,Who likes them fruit snacks?,We.,
We be playin' viola.,Who be playin' viola?,We.,
We be conductin' an orchestra.,Be conductin' what?,An orchestra.,
We be lovin' warm weather.,Who be lovin' warm weather?,We.,
We never ate no peppermint bites.,Never ate no what?,Peppermint bites.,
We dig vacations.,Who dig vacations?,We.,
We done drank water today.,Done drank what?,Water today.,
We be likin' carpet floorin'.,Who be likin' carpet floorin'?,We.,
We done charged the computer.,Charged what?,The computer.,
We done went to the dance.,Done went where?,To the dance.,
We done put them stickers on the wall.,Done put stickers where?,On the wall.,
We done pay the bills.,Done pay what?,The bills.,
We takin' a test.,Takin' what?,A test.,
We takin' a train.,Takin' what?,A train.,
We boardin' the airplane.,Boarded what?,The airplane.,
We done left the park.,Left where?,The park.,
We never made no friend.,Never made no what?,Friend.,
We done listened to music.,Listened to what?,Music.,
We done painted a landscape.,Painted what?,A landscape.,
We done improvised a presentation.,Improvised what?,A presentation.,
We done performed a musical.,Performed what?,A musical.,
We done studied hard.,Who done studied hard?,We.,
We done made a reservation at the restaurant.,Done made what?,A reservation at the restaurant.,
We done calculated averages.,Done calculated what?,Averages.,
We done lost them keys.,Done lost what?,Keys.,
We done sold them clothes.,Done sold them what?,Clothes.,
We be dancin' all night.,Be dancin' when?,All night.,
We be knowin' her.,Be knowin' who?,Her.,
We done recognized him.,Recognized who?,Him.,
We never saw no dog.,Never saw no what?,Dog.,
We done volunteered at the park.,Done volunteered where?,At the park.,
We never lost no game.,Never lost no what?,Game.,
We never won no match.,Never won no what?,Match.,
We done picked up the phone.,Picked up what?,The phone.,
We be scrollin' down the webpage.,Be scrollin' down what?,The webpage.,
We done did the homework.,Done did what?,The homework.,
We done cleaned the window.,Done cleaned what?,The window.,
We be openin' the window.,Be openin' what?,The window.,
We done closed the door.,Done closed what?,The door.,
We drew them pictures.,Drew what?,Pictures.,
We done took them.,Done took what?,Them.,
We be buyin' colored pencils.,Be buyin' what?,Colored pencils.,
We done created an origami plane.,Done created what?,An origami plane.,
We done 15 hours of sleep.,Who done 15 hours of sleep?,We.,
We be buying a leather jacket.,Bought what?,A leather jacket.,
We be seeing a Broadway musical.,Saw what?,A Broadway musical.,
We done wrote 20 pages.,Wrote what?,20 pages.,
We be needing to write 20 pages.,Needs to write what?,20 pages.,
We drew on the blackboard.,Drew where?,On the blackboard.,
We never found no iPad.,Never found no what?,iPad.,
We never bought no pen and pencil.,Never bought no what?,Pen and pencil.,
We be learning to code.,Be learning to what?,Code.,
We done found the treasure.,Done found what?,The treasure.,
We be playin' soccer.,Be playin' what?,Soccer.,
We be injured.,Who be injured?,We.,
We never woke up to no cold weather.,Never woke up to no what?,Cold.,
We done stepped outside.,Done stepped where?,Outside.,
We be goin' to bed.,Be goin' where?,To bed.,
We be fallin' asleep.,Who be fallin' asleep?,We.,
We be takin' a nap. ,Be takin' what?,A nap.,
We never got no sickness.,Never got no what?,Sickness.,
We be puttin' on a hat.,Be puttin' on what?,A hat.,
We be callin' the principal.,Be callin' who?,The principal.,
We never fell off no swing.,Never fell off no what?,Swing.,
We never found no seashells.,Never found no what?,Seashells,
We be visitin' a family member.,Be visitin' who?,A family member,
We be pausin' the song.,Be pausin' what?,The song.,
We done invited a friend.,Done invited who?,A friend.,
We never hung out with no friend.,Never hung out with no what?,Friends.,
We be composin' new music.,Be composin' what?,New music.,
We done wrote a novel.,Done wrote what?,A novel.,
We done exercised at the gym.,Done exercised where?,At the gym.,
We be stayin' hydrated.,Be stayin' what?,Hydrated.,
We be playin' with the dog.,Be playin' with what?,The dog.,
We done practiced for 40 hours.,Done practiced how?,For 40 hours.,
We be goin' on a rollercoaster.,Be goin' on what?,A rollercoaster.,
We be rollin' down the hill.,Be rollin' down what?,The hill.,
We done turned off them lights.,Done turned off what?,Lights.,
We done knitted a scarf.,Done knitted what?,A scarf.,
We never voted in no election.,Never voted in no what?,Election.,
We never drank no coffees.,Never drank no what?,Coffees.,
We done bought new earrings.,Bought what?,Earrings.,
They be makin' soup.,Who be makin' soup?,They.,
They be makin' houses.,Who be makin' houses?,They.,
They be cookin' beans.,Who be cookin' beans?,They.,
They done gone home early.,Done gone home when?,They.,
They be sin'in' a song.,Who be sin'in' a song?,They.,
They be lovin' dogs.,Who be lovin' dogs?,They.,
They be playin' the piano.,Who be playin' the piano?,They.,
They be goin' to concerts.,Who be goin' to concerts?,They.,
They be swimmin' at the beach.,Who be swimmin' at the beach?,They.,
They be goin' to the mall.,Be goin' where?,The mall.,
They done fixed the car.,Done fixed what?,The car.,
They never ate no fruit snacks.,Never ate no what?,Fruit snacks.,
They done designed those stickers.,Designed what?,Those stickers.,
They be writin' a story.,Be writin' what?,A story.,
They done made that program.,Done made what?,That program.,
They done cleaned the room.,Done cleaned what?,The room.,
They be watchin' them kids.,Be watchin' who?,Kids.,
They be eatin' chicken nuggets.,Who be eatin' chicken nuggets?,They.,
They like them fruit snacks.,Who likes them fruit snacks?,They.,
They be playin' viola.,Who be playin' viola?,They.,
They be conductin' an orchestra.,Be conductin' what?,An orchestra.,
They be lovin' warm weather.,Who be lovin' warm weather?,They.,
They never ate no peppermint bites.,Never ate no what?,Peppermint bites.,
They dig vacations.,Who dig vacations?,They.,
They done drank water today.,Done drank what?,Water today.,
They be likin' carpet floorin'.,Who be likin' carpet floorin'?,They.,
They done charged the computer.,Charged what?,The computer.,
They done went to the dance.,Done went where?,To the dance.,
They done put them stickers on the wall.,Done put stickers where?,On the wall.,
They done pay the bills.,Done pay what?,The bills.,
They takin' a test.,Takin' what?,A test.,
They takin' a train.,Takin' what?,A train.,
They boardin' the airplane.,Boarded what?,The airplane.,
They done left the park.,Left where?,The park.,
They never made no friend.,Never made no what?,Friend.,
They done listened to music.,Listened to what?,Music.,
They done painted a landscape.,Painted what?,A landscape.,
They done improvised a presentation.,Improvised what?,A presentation.,
They done performed a musical.,Performed what?,A musical.,
They done studied hard.,Who done studied hard?,They.,
They done made a reservation at the restaurant.,Done made what?,A reservation at the restaurant.,
They done calculated averages.,Done calculated what?,Averages.,
They done lost them keys.,Done lost what?,Keys.,
They done sold them clothes.,Done sold them what?,Clothes.,
They be dancin' all night.,Be dancin' when?,All night.,
They be knowin' her.,Be knowin' who?,Her.,
They done recognized him.,Recognized who?,Him.,
They never saw no dog.,Never saw no what?,Dog.,
They done volunteered at the park.,Done volunteered where?,At the park.,
They never lost no game.,Never lost no what?,Game.,
They never won no match.,Never won no what?,Match.,
They done picked up the phone.,Picked up what?,The phone.,
They be scrollin' down the webpage.,Be scrollin' down what?,The webpage.,
They done did the homework.,Done did what?,The homework.,
They done cleaned the window.,Done cleaned what?,The window.,
They be openin' the window.,Be openin' what?,The window.,
They done closed the door.,Done closed what?,The door.,
They drew them pictures.,Drew what?,Pictures.,
They done took them.,Done took what?,Them.,
They be buyin' colored pencils.,Be buyin' what?,Colored pencils.,
They done created an origami plane.,Done created what?,An origami plane.,
They done 15 hours of sleep.,Who done 15 hours of sleep?,They.,
They be buying a leather jacket.,Bought what?,A leather jacket.,
They be seeing a Broadway musical.,Saw what?,A Broadway musical.,
They done wrote 20 pages.,Wrote what?,20 pages.,
They be needing to write 20 pages.,Needs to write what?,20 pages.,
They drew on the blackboard.,Drew where?,On the blackboard.,
They never found no iPad.,Never found no what?,iPad.,
They never bought no pen and pencil.,Never bought no what?,Pen and pencil.,
They be learning to code.,Be learning to what?,Code.,
They done found the treasure.,Done found what?,The treasure.,
They be playin' soccer.,Be playin' what?,Soccer.,
They be injured.,Who be injured?,They.,
They never woke up to no cold weather.,Never woke up to no what?,Cold.,
They done stepped outside.,Done stepped where?,Outside.,
They be goin' to bed.,Be goin' where?,To bed.,
They be fallin' asleep.,Who be fallin' asleep?,They.,
They be takin' a nap. ,Be takin' what?,A nap.,
They never got no sickness.,Never got no what?,Sickness.,
They be puttin' on a hat.,Be puttin' on what?,A hat.,
They be callin' the principal.,Be callin' who?,The principal.,
They never fell off no swing.,Never fell off no what?,Swing.,
They never found no seashells.,Never found no what?,Seashells,
They be visitin' a family member.,Be visitin' who?,A family member,
They be pausin' the song.,Be pausin' what?,The song.,
They done invited a friend.,Done invited who?,A friend.,
They never hung out with no friend.,Never hung out with no what?,Friends.,
They be composin' new music.,Be composin' what?,New music.,
They done wrote a novel.,Done wrote what?,A novel.,
They done exercised at the gym.,Done exercised where?,At the gym.,
They be stayin' hydrated.,Be stayin' what?,Hydrated.,
They be playin' with the dog.,Be playin' with what?,The dog.,
They done practiced for 40 hours.,Done practiced how?,For 40 hours.,
They be goin' on a rollercoaster.,Be goin' on what?,A rollercoaster.,
They be rollin' down the hill.,Be rollin' down what?,The hill.,
They done turned off them lights.,Done turned off what?,Lights.,
They done knitted a scarf.,Done knitted what?,A scarf.,
They never voted in no election.,Never voted in no what?,Election.,
They never drank no coffees.,Never drank no what?,Coffees.,
They done bought new earrings.,Bought what?,Earrings.,
He be makin' soup.,Who be makin' soup?,He.,
He be makin' houses.,Who be makin' houses?,He.,
He be cookin' beans.,Who be cookin' beans?,He.,
He done gone home early.,Done gone home when?,He.,
He be sin'in' a song.,Who be sin'in' a song?,He.,
He be lovin' dogs.,Who be lovin' dogs?,He.,
He be playin' the piano.,Who be playin' the piano?,He.,
He be goin' to concerts.,Who be goin' to concerts?,He.,
He be swimmin' at the beach.,Who be swimmin' at the beach?,He.,
He be goin' to the mall.,Be goin' where?,The mall.,
He done fixed the car.,Done fixed what?,The car.,
He never ate no fruit snacks.,Never ate no what?,Fruit snacks.,
He done designed those stickers.,Designed what?,Those stickers.,
He be writin' a story.,Be writin' what?,A story.,
He done made that program.,Done made what?,That program.,
He done cleaned the room.,Done cleaned what?,The room.,
He be watchin' them kids.,Be watchin' who?,Kids.,
He be eatin' chicken nuggets.,Who be eatin' chicken nuggets?,He.,
He likes them fruit snacks.,Who likes them fruit snacks?,He.,
He be playin' viola.,Who be playin' viola?,He.,
He be conductin' an orchestra.,Be conductin' what?,An orchestra.,
He be lovin' warm weather.,Who be lovin' warm weather?,He.,
He never ate no peppermint bites.,Never ate no what?,Peppermint bites.,
He dig vacations.,Who dig vacations?,He.,
He done drank water today.,Done drank what?,Water today.,
He be likin' carpet floorin'.,Who be likin' carpet floorin'?,He.,
He done charged the computer.,Charged what?,The computer.,
He done went to the dance.,Done went where?,To the dance.,
He done put them stickers on the wall.,Done put stickers where?,On the wall.,
He done pay the bills.,Done pay what?,The bills.,
He takin' a test.,Takin' what?,A test.,
He takin' a train.,Takin' what?,A train.,
He boardin' the airplane.,Boarded what?,The airplane.,
He done left the park.,Left where?,The park.,
He never made no friend.,Never made no what?,Friend.,
He done listened to music.,Listened to what?,Music.,
He done painted a landscape.,Painted what?,A landscape.,
He done improvised a presentation.,Improvised what?,A presentation.,
He done performed a musical.,Performed what?,A musical.,
He done studied hard.,Who done studied hard?,He.,
He done made a reservation at the restaurant.,Done made what?,A reservation at the restaurant.,
He done calculated averages.,Done calculated what?,Averages.,
He done lost them keys.,Done lost what?,Keys.,
He done sold them clothes.,Done sold them what?,Clothes.,
He be dancin' all night.,Be dancin' when?,All night.,
He be knowin' her.,Be knowin' who?,Her.,
He done recognized him.,Recognized who?,Him.,
He never saw no dog.,Never saw no what?,Dog.,
He done volunteered at the park.,Done volunteered where?,At the park.,
He never lost no game.,Never lost no what?,Game.,
He never won no match.,Never won no what?,Match.,
He done picked up the phone.,Picked up what?,The phone.,
He be scrollin' down the webpage.,Be scrollin' down what?,The webpage.,
He done did the homework.,Done did what?,The homework.,
He done cleaned the window.,Done cleaned what?,The window.,
He be openin' the window.,Be openin' what?,The window.,
He done closed the door.,Done closed what?,The door.,
He drew them pictures.,Drew what?,Pictures.,
He done took them.,Done took what?,Them.,
He be buyin' colored pencils.,Be buyin' what?,Colored pencils.,
He done created an origami plane.,Done created what?,An origami plane.,
He done 15 hours of sleep.,Who done 15 hours of sleep?,He.,
He be buying a leather jacket.,Bought what?,A leather jacket.,
He be seeing a Broadway musical.,Saw what?,A Broadway musical.,
He done wrote 20 pages.,Wrote what?,20 pages.,
He be needing to write 20 pages.,Needs to write what?,20 pages.,
He drew on the blackboard.,Drew where?,On the blackboard.,
He never found no iPad.,Never found no what?,iPad.,
He never bought no pen and pencil.,Never bought no what?,Pen and pencil.,
He be learning to code.,Be learning to what?,Code.,
He done found the treasure.,Done found what?,The treasure.,
He be playin' soccer.,Be playin' what?,Soccer.,
He be injured.,Who be injured?,He.,
He never woke up to no cold weather.,Never woke up to no what?,Cold.,
He done stepped outside.,Done stepped where?,Outside.,
He be goin' to bed.,Be goin' where?,To bed.,
He be fallin' asleep.,Who be fallin' asleep?,He.,
He be takin' a nap. ,Be takin' what?,A nap.,
He never got no sickness.,Never got no what?,Sickness.,
He be puttin' on a hat.,Be puttin' on what?,A hat.,
He be callin' the principal.,Be callin' who?,The principal.,
He never fell off no swing.,Never fell off no what?,Swing.,
He never found no seashells.,Never found no what?,Seashells,
He be visitin' a family member.,Be visitin' who?,A family member,
He be pausin' the song.,Be pausin' what?,The song.,
He done invited a friend.,Done invited who?,A friend.,
He never hung out with no friend.,Never hung out with no what?,Friends.,
He be composin' new music.,Be composin' what?,New music.,
He done wrote a novel.,Done wrote what?,A novel.,
He done exercised at the gym.,Done exercised where?,At the gym.,
He be stayin' hydrated.,Be stayin' what?,Hydrated.,
He be playin' with the dog.,Be playin' with what?,The dog.,
He done practiced for 40 hours.,Done practiced how?,For 40 hours.,
He be goin' on a rollercoaster.,Be goin' on what?,A rollercoaster.,
He be rollin' down the hill.,Be rollin' down what?,The hill.,
He done turned off them lights.,Done turned off what?,Lights.,
He done knitted a scarf.,Done knitted what?,A scarf.,
He never voted in no election.,Never voted in no what?,Election.,
He never drank no coffees.,Never drank no what?,Coffees.,
He done bought new earrings.,Bought what?,Earrings.,
She be makin' soup.,Who be makin' soup?,She.,
She be makin' houses.,Who be makin' houses?,She.,
She be cookin' beans.,Who be cookin' beans?,She.,
She done gone home early.,Done gone home when?,She.,
She be sin'in' a song.,Who be sin'in' a song?,She.,
She be lovin' dogs.,Who be lovin' dogs?,She.,
She be playin' the piano.,Who be playin' the piano?,She.,
She be goin' to concerts.,Who be goin' to concerts?,She.,
She be swimmin' at the beach.,Who be swimmin' at the beach?,She.,
She be goin' to the mall.,Be goin' where?,The mall.,
She done fixed the car.,Done fixed what?,The car.,
She never ate no fruit snacks.,Never ate no what?,Fruit snacks.,
She done designed those stickers.,Designed what?,Those stickers.,
She be writin' a story.,Be writin' what?,A story.,
She done made that program.,Done made what?,That program.,
She done cleaned the room.,Done cleaned what?,The room.,
She be watchin' them kids.,Be watchin' who?,Kids.,
She be eatin' chicken nuggets.,Who be eatin' chicken nuggets?,She.,
She likes them fruit snacks.,Who likes them fruit snacks?,She.,
She be playin' viola.,Who be playin' viola?,She.,
She be conductin' an orchestra.,Be conductin' what?,An orchestra.,
She be lovin' warm weather.,Who be lovin' warm weather?,She.,
She never ate no peppermint bites.,Never ate no what?,Peppermint bites.,
She dig vacations.,Who dig vacations?,She.,
She done drank water today.,Done drank what?,Water today.,
She be likin' carpet floorin'.,Who be likin' carpet floorin'?,She.,
She done charged the computer.,Charged what?,The computer.,
She done went to the dance.,Done went where?,To the dance.,
She done put them stickers on the wall.,Done put stickers where?,On the wall.,
She done pay the bills.,Done pay what?,The bills.,
She takin' a test.,Takin' what?,A test.,
She takin' a train.,Takin' what?,A train.,
She boardin' the airplane.,Boarded what?,The airplane.,
She done left the park.,Left where?,The park.,
She never made no friend.,Never made no what?,Friend.,
She done listened to music.,Listened to what?,Music.,
She done painted a landscape.,Painted what?,A landscape.,
She done improvised a presentation.,Improvised what?,A presentation.,
She done performed a musical.,Performed what?,A musical.,
She done studied hard.,Who done studied hard?,She.,
She done made a reservation at the restaurant.,Done made what?,A reservation at the restaurant.,
She done calculated averages.,Done calculated what?,Averages.,
She done lost them keys.,Done lost what?,Keys.,
She done sold them clothes.,Done sold them what?,Clothes.,
She be dancin' all night.,Be dancin' when?,All night.,
She be knowin' her.,Be knowin' who?,Her.,
She done recognized him.,Recognized who?,Him.,
She never saw no dog.,Never saw no what?,Dog.,
She done volunteered at the park.,Done volunteered where?,At the park.,
She never lost no game.,Never lost no what?,Game.,
She never won no match.,Never won no what?,Match.,
She done picked up the phone.,Picked up what?,The phone.,
She be scrollin' down the webpage.,Be scrollin' down what?,The webpage.,
She done did the homework.,Done did what?,The homework.,
She done cleaned the window.,Done cleaned what?,The window.,
She be openin' the window.,Be openin' what?,The window.,
She done closed the door.,Done closed what?,The door.,
She drew them pictures.,Drew what?,Pictures.,
She done took them.,Done took what?,Them.,
She be buyin' colored pencils.,Be buyin' what?,Colored pencils.,
She done created an origami plane.,Done created what?,An origami plane.,
She done 15 hours of sleep.,Who done 15 hours of sleep?,She.,
She be buying a leather jacket.,Bought what?,A leather jacket.,
She be seeing a Broadway musical.,Saw what?,A Broadway musical.,
She done wrote 20 pages.,Wrote what?,20 pages.,
She be needing to write 20 pages.,Needs to write what?,20 pages.,
She drew on the blackboard.,Drew where?,On the blackboard.,
She never found no iPad.,Never found no what?,iPad.,
She never bought no pen and pencil.,Never bought no what?,Pen and pencil.,
She be learning to code.,Be learning to what?,Code.,
She done found the treasure.,Done found what?,The treasure.,
She be playin' soccer.,Be playin' what?,Soccer.,
She be injured.,Who be injured?,She.,
She never woke up to no cold weather.,Never woke up to no what?,Cold.,
She done stepped outside.,Done stepped where?,Outside.,
She be goin' to bed.,Be goin' where?,To bed.,
She be fallin' asleep.,Who be fallin' asleep?,She.,
She be takin' a nap. ,Be takin' what?,A nap.,
She never got no sickness.,Never got no what?,Sickness.,
She be puttin' on a hat.,Be puttin' on what?,A hat.,
She be callin' the principal.,Be callin' who?,The principal.,
She never fell off no swing.,Never fell off no what?,Swing.,
She never found no seashells.,Never found no what?,Seashells,
She be visitin' a family member.,Be visitin' who?,A family member,
She be pausin' the song.,Be pausin' what?,The song.,
She done invited a friend.,Done invited who?,A friend.,
She never hung out with no friend.,Never hung out with no what?,Friends.,
She be composin' new music.,Be composin' what?,New music.,
She done wrote a novel.,Done wrote what?,A novel.,
She done exercised at the gym.,Done exercised where?,At the gym.,
She be stayin' hydrated.,Be stayin' what?,Hydrated.,
She be playin' with the dog.,Be playin' with what?,The dog.,
She done practiced for 40 hours.,Done practiced how?,For 40 hours.,
She be goin' on a rollercoaster.,Be goin' on what?,A rollercoaster.,
She be rollin' down the hill.,Be rollin' down what?,The hill.,
She done turned off them lights.,Done turned off what?,Lights.,
She done knitted a scarf.,Done knitted what?,A scarf.,
She never voted in no election.,Never voted in no what?,Election.,
She never drank no coffees.,Never drank no what?,Coffees.,
She done bought new earrings.,Bought what?,Earrings.,
Mary be makin' soup.,Who be makin' soup?,Mary.,
Mary be makin' houses.,Who be makin' houses?,Mary.,
Mary be cookin' beans.,Who be cookin' beans?,Mary.,
Mary done gone home early.,Done gone home when?,Mary.,
Mary be sin'in' a song.,Who be sin'in' a song?,Mary.,
Mary be lovin' dogs.,Who be lovin' dogs?,Mary.,
Mary be playin' the piano.,Who be playin' the piano?,Mary.,
Mary be goin' to concerts.,Who be goin' to concerts?,Mary.,
Mary be swimmin' at the beach.,Who be swimmin' at the beach?,Mary.,
Mary be goin' to the mall.,Be goin' where?,The mall.,
Mary done fixed the car.,Done fixed what?,The car.,
Mary never ate no fruit snacks.,Never ate no what?,Fruit snacks.,
Mary done designed those stickers.,Designed what?,Those stickers.,
Mary be writin' a story.,Be writin' what?,A story.,
Mary done made that program.,Done made what?,That program.,
Mary done cleaned the room.,Done cleaned what?,The room.,
Mary be watchin' them kids.,Be watchin' who?,Kids.,
Mary be eatin' chicken nuggets.,Who be eatin' chicken nuggets?,Mary.,
Mary likes them fruit snacks.,Who likes them fruit snacks?,Mary.,
Mary be playin' viola.,Who be playin' viola?,Mary.,
Mary be conductin' an orchestra.,Be conductin' what?,An orchestra.,
Mary be lovin' warm weather.,Who be lovin' warm weather?,Mary.,
Mary never ate no peppermint bites.,Never ate no what?,Peppermint bites.,
Mary dig vacations.,Who dig vacations?,Mary.,
Mary done drank water today.,Done drank what?,Water today.,
Mary be likin' carpet floorin'.,Who be likin' carpet floorin'?,Mary.,
Mary done charged the computer.,Charged what?,The computer.,
Mary done went to the dance.,Done went where?,To the dance.,
Mary done put them stickers on the wall.,Done put stickers where?,On the wall.,
Mary done pay the bills.,Done pay what?,The bills.,
Mary takin' a test.,Takin' what?,A test.,
Mary takin' a train.,Takin' what?,A train.,
Mary boardin' the airplane.,Boarded what?,The airplane.,
Mary done left the park.,Left where?,The park.,
Mary never made no friend.,Never made no what?,Friend.,
Mary done listened to music.,Listened to what?,Music.,
Mary done painted a landscape.,Painted what?,A landscape.,
Mary done improvised a presentation.,Improvised what?,A presentation.,
Mary done performed a musical.,Performed what?,A musical.,
Mary done studied hard.,Who done studied hard?,Mary.,
Mary done made a reservation at the restaurant.,Done made what?,A reservation at the restaurant.,
Mary done calculated averages.,Done calculated what?,Averages.,
Mary done lost them keys.,Done lost what?,Keys.,
Mary done sold them clothes.,Done sold them what?,Clothes.,
Mary be dancin' all night.,Be dancin' when?,All night.,
Mary be knowin' her.,Be knowin' who?,Her.,
Mary done recognized him.,Recognized who?,Him.,
Mary never saw no dog.,Never saw no what?,Dog.,
Mary done volunteered at the park.,Done volunteered where?,At the park.,
Mary never lost no game.,Never lost no what?,Game.,
Mary never won no match.,Never won no what?,Match.,
Mary done picked up the phone.,Picked up what?,The phone.,
Mary be scrollin' down the webpage.,Be scrollin' down what?,The webpage.,
Mary done did the homework.,Done did what?,The homework.,
Mary done cleaned the window.,Done cleaned what?,The window.,
Mary be openin' the window.,Be openin' what?,The window.,
Mary done closed the door.,Done closed what?,The door.,
Mary drew them pictures.,Drew what?,Pictures.,
Mary done took them.,Done took what?,Them.,
Mary be buyin' colored pencils.,Be buyin' what?,Colored pencils.,
Mary done created an origami plane.,Done created what?,An origami plane.,
Mary done 15 hours of sleep.,Who done 15 hours of sleep?,Mary.,
Mary be buying a leather jacket.,Bought what?,A leather jacket.,
Mary be seeing a Broadway musical.,Saw what?,A Broadway musical.,
Mary done wrote 20 pages.,Wrote what?,20 pages.,
Mary be needing to write 20 pages.,Needs to write what?,20 pages.,
Mary drew on the blackboard.,Drew where?,On the blackboard.,
Mary never found no iPad.,Never found no what?,iPad.,
Mary never bought no pen and pencil.,Never bought no what?,Pen and pencil.,
Mary be learning to code.,Be learning to what?,Code.,
Mary done found the treasure.,Done found what?,The treasure.,
Mary be playin' soccer.,Be playin' what?,Soccer.,
Mary be injured.,Who be injured?,Mary.,
Mary never woke up to no cold weather.,Never woke up to no what?,Cold.,
Mary done stepped outside.,Done stepped where?,Outside.,
Mary be goin' to bed.,Be goin' where?,To bed.,
Mary be fallin' asleep.,Who be fallin' asleep?,Mary.,
Mary be takin' a nap. ,Be takin' what?,A nap.,
Mary never got no sickness.,Never got no what?,Sickness.,
Mary be puttin' on a hat.,Be puttin' on what?,A hat.,
Mary be callin' the principal.,Be callin' who?,The principal.,
Mary never fell off no swing.,Never fell off no what?,Swing.,
Mary never found no seashells.,Never found no what?,Seashells,
Mary be visitin' a family member.,Be visitin' who?,A family member,
Mary be pausin' the song.,Be pausin' what?,The song.,
Mary done invited a friend.,Done invited who?,A friend.,
Mary never hung out with no friend.,Never hung out with no what?,Friends.,
Mary be composin' new music.,Be composin' what?,New music.,
Mary done wrote a novel.,Done wrote what?,A novel.,
Mary done exercised at the gym.,Done exercised where?,At the gym.,
Mary be stayin' hydrated.,Be stayin' what?,Hydrated.,
Mary be playin' with the dog.,Be playin' with what?,The dog.,
Mary done practiced for 40 hours.,Done practiced how?,For 40 hours.,
Mary be goin' on a rollercoaster.,Be goin' on what?,A rollercoaster.,
Mary be rollin' down the hill.,Be rollin' down what?,The hill.,
Mary done turned off them lights.,Done turned off what?,Lights.,
Mary done knitted a scarf.,Done knitted what?,A scarf.,
Mary never voted in no election.,Never voted in no what?,Election.,
Mary never drank no coffees.,Never drank no what?,Coffees.,
Mary done bought new earrings.,Bought what?,Earrings.,
John be makin' soup.,Who be makin' soup?,John.,
John be makin' houses.,Who be makin' houses?,John.,
John be cookin' beans.,Who be cookin' beans?,John.,
John done gone home early.,Done gone home when?,John.,
John be sin'in' a song.,Who be sin'in' a song?,John.,
John be lovin' dogs.,Who be lovin' dogs?,John.,
John be playin' the piano.,Who be playin' the piano?,John.,
John be goin' to concerts.,Who be goin' to concerts?,John.,
John be swimmin' at the beach.,Who be swimmin' at the beach?,John.,
John be goin' to the mall.,Be goin' where?,The mall.,
John done fixed the car.,Done fixed what?,The car.,
John never ate no fruit snacks.,Never ate no what?,Fruit snacks.,
John done designed those stickers.,Designed what?,Those stickers.,
John be writin' a story.,Be writin' what?,A story.,
John done made that program.,Done made what?,That program.,
John done cleaned the room.,Done cleaned what?,The room.,
John be watchin' them kids.,Be watchin' who?,Kids.,
John be eatin' chicken nuggets.,Who be eatin' chicken nuggets?,John.,
John likes them fruit snacks.,Who likes them fruit snacks?,John.,
John be playin' viola.,Who be playin' viola?,John.,
John be conductin' an orchestra.,Be conductin' what?,An orchestra.,
John be lovin' warm weather.,Who be lovin' warm weather?,John.,
John never ate no peppermint bites.,Never ate no what?,Peppermint bites.,
John dig vacations.,Who dig vacations?,John.,
John done drank water today.,Done drank what?,Water today.,
John be likin' carpet floorin'.,Who be likin' carpet floorin'?,John.,
John done charged the computer.,Charged what?,The computer.,
John done went to the dance.,Done went where?,To the dance.,
John done put them stickers on the wall.,Done put stickers where?,On the wall.,
John done pay the bills.,Done pay what?,The bills.,
John takin' a test.,Takin' what?,A test.,
John takin' a train.,Takin' what?,A train.,
John boardin' the airplane.,Boarded what?,The airplane.,
John done left the park.,Left where?,The park.,
John never made no friend.,Never made no what?,Friend.,
John done listened to music.,Listened to what?,Music.,
John done painted a landscape.,Painted what?,A landscape.,
John done improvised a presentation.,Improvised what?,A presentation.,
John done performed a musical.,Performed what?,A musical.,
John done studied hard.,Who done studied hard?,John.,
John done made a reservation at the restaurant.,Done made what?,A reservation at the restaurant.,
John done calculated averages.,Done calculated what?,Averages.,
John done lost them keys.,Done lost what?,Keys.,
John done sold them clothes.,Done sold them what?,Clothes.,
John be dancin' all night.,Be dancin' when?,All night.,
John be knowin' her.,Be knowin' who?,Her.,
John done recognized him.,Recognized who?,Him.,
John never saw no dog.,Never saw no what?,Dog.,
John done volunteered at the park.,Done volunteered where?,At the park.,
John never lost no game.,Never lost no what?,Game.,
John never won no match.,Never won no what?,Match.,
John done picked up the phone.,Picked up what?,The phone.,
John be scrollin' down the webpage.,Be scrollin' down what?,The webpage.,
John done did the homework.,Done did what?,The homework.,
John done cleaned the window.,Done cleaned what?,The window.,
John be openin' the window.,Be openin' what?,The window.,
John done closed the door.,Done closed what?,The door.,
John drew them pictures.,Drew what?,Pictures.,
John done took them.,Done took what?,Them.,
John be buyin' colored pencils.,Be buyin' what?,Colored pencils.,
John done created an origami plane.,Done created what?,An origami plane.,
John done 15 hours of sleep.,Who done 15 hours of sleep?,John.,
John be buying a leather jacket.,Bought what?,A leather jacket.,
John be seeing a Broadway musical.,Saw what?,A Broadway musical.,
John done wrote 20 pages.,Wrote what?,20 pages.,
John be needing to write 20 pages.,Needs to write what?,20 pages.,
John drew on the blackboard.,Drew where?,On the blackboard.,
John never found no iPad.,Never found no what?,iPad.,
John never bought no pen and pencil.,Never bought no what?,Pen and pencil.,
John be learning to code.,Be learning to what?,Code.,
John done found the treasure.,Done found what?,The treasure.,
John be playin' soccer.,Be playin' what?,Soccer.,
John be injured.,Who be injured?,John.,
John never woke up to no cold weather.,Never woke up to no what?,Cold.,
John done stepped outside.,Done stepped where?,Outside.,
John be goin' to bed.,Be goin' where?,To bed.,
John be fallin' asleep.,Who be fallin' asleep?,John.,
John be takin' a nap. ,Be takin' what?,A nap.,
John never got no sickness.,Never got no what?,Sickness.,
John be puttin' on a hat.,Be puttin' on what?,A hat.,
John be callin' the principal.,Be callin' who?,The principal.,
John never fell off no swing.,Never fell off no what?,Swing.,
John never found no seashells.,Never found no what?,Seashells,
John be visitin' a family member.,Be visitin' who?,A family member,
John be pausin' the song.,Be pausin' what?,The song.,
John done invited a friend.,Done invited who?,A friend.,
John never hung out with no friend.,Never hung out with no what?,Friends.,
John be composin' new music.,Be composin' what?,New music.,
John done wrote a novel.,Done wrote what?,A novel.,
John done exercised at the gym.,Done exercised where?,At the gym.,
John be stayin' hydrated.,Be stayin' what?,Hydrated.,
John be playin' with the dog.,Be playin' with what?,The dog.,
John done practiced for 40 hours.,Done practiced how?,For 40 hours.,
John be goin' on a rollercoaster.,Be goin' on what?,A rollercoaster.,
John be rollin' down the hill.,Be rollin' down what?,The hill.,
John done turned off them lights.,Done turned off what?,Lights.,
John done knitted a scarf.,Done knitted what?,A scarf.,
John never voted in no election.,Never voted in no what?,Election.,
John never drank no coffees.,Never drank no what?,Coffees.,
John done bought new earrings.,Bought what?,Earrings.,
The girls be makin' soup.,Who be makin' soup?,The girls.,
The girls be makin' houses.,Who be makin' houses?,The girls.,
The girls be cookin' beans.,Who be cookin' beans?,The girls.,
The girls done gone home early.,Done gone home when?,The girls.,
The girls be sin'in' a song.,Who be sin'in' a song?,The girls.,
The girls be lovin' dogs.,Who be lovin' dogs?,The girls.,
The girls be playin' the piano.,Who be playin' the piano?,The girls.,
The girls be goin' to concerts.,Who be goin' to concerts?,The girls.,
The girls be swimmin' at the beach.,Who be swimmin' at the beach?,The girls.,
The girls be goin' to the mall.,Be goin' where?,The mall.,
The girls done fixed the car.,Done fixed what?,The car.,
The girls never ate no fruit snacks.,Never ate no what?,Fruit snacks.,
The girls done designed those stickers.,Designed what?,Those stickers.,
The girls be writin' a story.,Be writin' what?,A story.,
The girls done made that program.,Done made what?,That program.,
The girls done cleaned the room.,Done cleaned what?,The room.,
The girls be watchin' them kids.,Be watchin' who?,Kids.,
The girls be eatin' chicken nuggets.,Who be eatin' chicken nuggets?,The girls.,
The girls like them fruit snacks.,Who likes them fruit snacks?,The girls.,
The girls be playin' viola.,Who be playin' viola?,The girls.,
The girls be conductin' an orchestra.,Be conductin' what?,An orchestra.,
The girls be lovin' warm weather.,Who be lovin' warm weather?,The girls.,
The girls never ate no peppermint bites.,Never ate no what?,Peppermint bites.,
The girls dig vacations.,Who dig vacations?,The girls.,
The girls done drank water today.,Done drank what?,Water today.,
The girls be likin' carpet floorin'.,Who be likin' carpet floorin'?,The girls.,
The girls done charged the computer.,Charged what?,The computer.,
The girls done went to the dance.,Done went where?,To the dance.,
The girls done put them stickers on the wall.,Done put stickers where?,On the wall.,
The girls done pay the bills.,Done pay what?,The bills.,
The girls takin' a test.,Takin' what?,A test.,
The girls takin' a train.,Takin' what?,A train.,
The girls boardin' the airplane.,Boarded what?,The airplane.,
The girls done left the park.,Left where?,The park.,
The girls never made no friend.,Never made no what?,Friend.,
The girls done listened to music.,Listened to what?,Music.,
The girls done painted a landscape.,Painted what?,A landscape.,
The girls done improvised a presentation.,Improvised what?,A presentation.,
The girls done performed a musical.,Performed what?,A musical.,
The girls done studied hard.,Who done studied hard?,The girls.,
The girls done made a reservation at the restaurant.,Done made what?,A reservation at the restaurant.,
The girls done calculated averages.,Done calculated what?,Averages.,
The girls done lost them keys.,Done lost what?,Keys.,
The girls done sold them clothes.,Done sold them what?,Clothes.,
The girls be dancin' all night.,Be dancin' when?,All night.,
The girls be knowin' her.,Be knowin' who?,Her.,
The girls done recognized him.,Recognized who?,Him.,
The girls never saw no dog.,Never saw no what?,Dog.,
The girls done volunteered at the park.,Done volunteered where?,At the park.,
The girls never lost no game.,Never lost no what?,Game.,
The girls never won no match.,Never won no what?,Match.,
The girls done picked up the phone.,Picked up what?,The phone.,
The girls be scrollin' down the webpage.,Be scrollin' down what?,The webpage.,
The girls done did the homework.,Done did what?,The homework.,
The girls done cleaned the window.,Done cleaned what?,The window.,
The girls be openin' the window.,Be openin' what?,The window.,
The girls done closed the door.,Done closed what?,The door.,
The girls drew them pictures.,Drew what?,Pictures.,
The girls done took them.,Done took what?,Them.,
The girls be buyin' colored pencils.,Be buyin' what?,Colored pencils.,
The girls done created an origami plane.,Done created what?,An origami plane.,
The girls done 15 hours of sleep.,Who done 15 hours of sleep?,The girls.,
The girls be buying a leather jacket.,Bought what?,A leather jacket.,
The girls be seeing a Broadway musical.,Saw what?,A Broadway musical.,
The girls done wrote 20 pages.,Wrote what?,20 pages.,
The girls be needing to write 20 pages.,Needs to write what?,20 pages.,
The girls drew on the blackboard.,Drew where?,On the blackboard.,
The girls never found no iPad.,Never found no what?,iPad.,
The girls never bought no pen and pencil.,Never bought no what?,Pen and pencil.,
The girls be learning to code.,Be learning to what?,Code.,
The girls done found the treasure.,Done found what?,The treasure.,
The girls be playin' soccer.,Be playin' what?,Soccer.,
The girls be injured.,Who be injured?,The girls.,
The girls never woke up to no cold weather.,Never woke up to no what?,Cold.,
The girls done stepped outside.,Done stepped where?,Outside.,
The girls be goin' to bed.,Be goin' where?,To bed.,
The girls be fallin' asleep.,Who be fallin' asleep?,The girls.,
The girls be takin' a nap. ,Be takin' what?,A nap.,
The girls never got no sickness.,Never got no what?,Sickness.,
The girls be puttin' on a hat.,Be puttin' on what?,A hat.,
The girls be callin' the principal.,Be callin' who?,The principal.,
The girls never fell off no swing.,Never fell off no what?,Swing.,
The girls never found no seashells.,Never found no what?,Seashells,
The girls be visitin' a family member.,Be visitin' who?,A family member,
The girls be pausin' the song.,Be pausin' what?,The song.,
The girls done invited a friend.,Done invited who?,A friend.,
The girls never hung out with no friend.,Never hung out with no what?,Friends.,
The girls be composin' new music.,Be composin' what?,New music.,
The girls done wrote a novel.,Done wrote what?,A novel.,
The girls done exercised at the gym.,Done exercised where?,At the gym.,
The girls be stayin' hydrated.,Be stayin' what?,Hydrated.,
The girls be playin' with the dog.,Be playin' with what?,The dog.,
The girls done practiced for 40 hours.,Done practiced how?,For 40 hours.,
The girls be goin' on a rollercoaster.,Be goin' on what?,A rollercoaster.,
The girls be rollin' down the hill.,Be rollin' down what?,The hill.,
The girls done turned off them lights.,Done turned off what?,Lights.,
The girls done knitted a scarf.,Done knitted what?,A scarf.,
The girls never voted in no election.,Never voted in no what?,Election.,
The girls never drank no coffees.,Never drank no what?,Coffees.,
The girls done bought new earrings.,Bought what?,Earrings.,
The boys be makin' soup.,Who be makin' soup?,The boys.,
The boys be makin' houses.,Who be makin' houses?,The boys.,
The boys be cookin' beans.,Who be cookin' beans?,The boys.,
The boys done gone home early.,Done gone home when?,The boys.,
The boys be sin'in' a song.,Who be sin'in' a song?,The boys.,
The boys be lovin' dogs.,Who be lovin' dogs?,The boys.,
The boys be playin' the piano.,Who be playin' the piano?,The boys.,
The boys be goin' to concerts.,Who be goin' to concerts?,The boys.,
The boys be swimmin' at the beach.,Who be swimmin' at the beach?,The boys.,
The boys be goin' to the mall.,Be goin' where?,The mall.,
The boys done fixed the car.,Done fixed what?,The car.,
The boys never ate no fruit snacks.,Never ate no what?,Fruit snacks.,
The boys done designed those stickers.,Designed what?,Those stickers.,
The boys be writin' a story.,Be writin' what?,A story.,
The boys done made that program.,Done made what?,That program.,
The boys done cleaned the room.,Done cleaned what?,The room.,
The boys be watchin' them kids.,Be watchin' who?,Kids.,
The boys be eatin' chicken nuggets.,Who be eatin' chicken nuggets?,The boys.,
The boys like them fruit snacks.,Who likes them fruit snacks?,The boys.,
The boys be playin' viola.,Who be playin' viola?,The boys.,
The boys be conductin' an orchestra.,Be conductin' what?,An orchestra.,
The boys be lovin' warm weather.,Who be lovin' warm weather?,The boys.,
The boys never ate no peppermint bites.,Never ate no what?,Peppermint bites.,
The boys dig vacations.,Who dig vacations?,The boys.,
The boys done drank water today.,Done drank what?,Water today.,
The boys be likin' carpet floorin'.,Who be likin' carpet floorin'?,The boys.,
The boys done charged the computer.,Charged what?,The computer.,
The boys done went to the dance.,Done went where?,To the dance.,
The boys done put them stickers on the wall.,Done put stickers where?,On the wall.,
The boys done pay the bills.,Done pay what?,The bills.,
The boys takin' a test.,Takin' what?,A test.,
The boys takin' a train.,Takin' what?,A train.,
The boys boardin' the airplane.,Boarded what?,The airplane.,
The boys done left the park.,Left where?,The park.,
The boys never made no friend.,Never made no what?,Friend.,
The boys done listened to music.,Listened to what?,Music.,
The boys done painted a landscape.,Painted what?,A landscape.,
The boys done improvised a presentation.,Improvised what?,A presentation.,
The boys done performed a musical.,Performed what?,A musical.,
The boys done studied hard.,Who done studied hard?,The boys.,
The boys done made a reservation at the restaurant.,Done made what?,A reservation at the restaurant.,
The boys done calculated averages.,Done calculated what?,Averages.,
The boys done lost them keys.,Done lost what?,Keys.,
The boys done sold them clothes.,Done sold them what?,Clothes.,
The boys be dancin' all night.,Be dancin' when?,All night.,
The boys be knowin' her.,Be knowin' who?,Her.,
The boys done recognized him.,Recognized who?,Him.,
The boys never saw no dog.,Never saw no what?,Dog.,
The boys done volunteered at the park.,Done volunteered where?,At the park.,
The boys never lost no game.,Never lost no what?,Game.,
The boys never won no match.,Never won no what?,Match.,
The boys done picked up the phone.,Picked up what?,The phone.,
The boys be scrollin' down the webpage.,Be scrollin' down what?,The webpage.,
The boys done did the homework.,Done did what?,The homework.,
The boys done cleaned the window.,Done cleaned what?,The window.,
The boys be openin' the window.,Be openin' what?,The window.,
The boys done closed the door.,Done closed what?,The door.,
The boys drew them pictures.,Drew what?,Pictures.,
The boys done took them.,Done took what?,Them.,
The boys be buyin' colored pencils.,Be buyin' what?,Colored pencils.,
The boys done created an origami plane.,Done created what?,An origami plane.,
The boys done 15 hours of sleep.,Who done 15 hours of sleep?,The boys.,
The boys be buying a leather jacket.,Bought what?,A leather jacket.,
The boys be seeing a Broadway musical.,Saw what?,A Broadway musical.,
The boys done wrote 20 pages.,Wrote what?,20 pages.,
The boys be needing to write 20 pages.,Needs to write what?,20 pages.,
The boys drew on the blackboard.,Drew where?,On the blackboard.,
The boys never found no iPad.,Never found no what?,iPad.,
The boys never bought no pen and pencil.,Never bought no what?,Pen and pencil.,
The boys be learning to code.,Be learning to what?,Code.,
The boys done found the treasure.,Done found what?,The treasure.,
The boys be playin' soccer.,Be playin' what?,Soccer.,
The boys be injured.,Who be injured?,The boys.,
The boys never woke up to no cold weather.,Never woke up to no what?,Cold.,
The boys done stepped outside.,Done stepped where?,Outside.,
The boys be goin' to bed.,Be goin' where?,To bed.,
The boys be fallin' asleep.,Who be fallin' asleep?,The boys.,
The boys be takin' a nap. ,Be takin' what?,A nap.,
The boys never got no sickness.,Never got no what?,Sickness.,
The boys be puttin' on a hat.,Be puttin' on what?,A hat.,
The boys be callin' the principal.,Be callin' who?,The principal.,
The boys never fell off no swing.,Never fell off no what?,Swing.,
The boys never found no seashells.,Never found no what?,Seashells,
The boys be visitin' a family member.,Be visitin' who?,A family member,
The boys be pausin' the song.,Be pausin' what?,The song.,
The boys done invited a friend.,Done invited who?,A friend.,
The boys never hung out with no friend.,Never hung out with no what?,Friends.,
The boys be composin' new music.,Be composin' what?,New music.,
The boys done wrote a novel.,Done wrote what?,A novel.,
The boys done exercised at the gym.,Done exercised where?,At the gym.,
The boys be stayin' hydrated.,Be stayin' what?,Hydrated.,
The boys be playin' with the dog.,Be playin' with what?,The dog.,
The boys done practiced for 40 hours.,Done practiced how?,For 40 hours.,
The boys be goin' on a rollercoaster.,Be goin' on what?,A rollercoaster.,
The boys be rollin' down the hill.,Be rollin' down what?,The hill.,
The boys done turned off them lights.,Done turned off what?,Lights.,
The boys done knitted a scarf.,Done knitted what?,A scarf.,
The boys never voted in no election.,Never voted in no what?,Election.,
The boys never drank no coffees.,Never drank no what?,Coffees.,
The boys done bought new earrings.,Bought what?,Earrings.,
The grandmother be makin' soup.,Who be makin' soup?,The grandmother.,
The grandmother be makin' houses.,Who be makin' houses?,The grandmother.,
The grandmother be cookin' beans.,Who be cookin' beans?,The grandmother.,
The grandmother done gone home early.,Done gone home when?,The grandmother.,
The grandmother be sin'in' a song.,Who be sin'in' a song?,The grandmother.,
The grandmother be lovin' dogs.,Who be lovin' dogs?,The grandmother.,
The grandmother be playin' the piano.,Who be playin' the piano?,The grandmother.,
The grandmother be goin' to concerts.,Who be goin' to concerts?,The grandmother.,
The grandmother be swimmin' at the beach.,Who be swimmin' at the beach?,The grandmother.,
The grandmother be goin' to the mall.,Be goin' where?,The mall.,
The grandmother done fixed the car.,Done fixed what?,The car.,
The grandmother never ate no fruit snacks.,Never ate no what?,Fruit snacks.,
The grandmother done designed those stickers.,Designed what?,Those stickers.,
The grandmother be writin' a story.,Be writin' what?,A story.,
The grandmother done made that program.,Done made what?,That program.,
The grandmother done cleaned the room.,Done cleaned what?,The room.,
The grandmother be watchin' them kids.,Be watchin' who?,Kids.,
The grandmother be eatin' chicken nuggets.,Who be eatin' chicken nuggets?,The grandmother.,
The grandmother likes them fruit snacks.,Who likes them fruit snacks?,The grandmother.,
The grandmother be playin' viola.,Who be playin' viola?,The grandmother.,
The grandmother be conductin' an orchestra.,Be conductin' what?,An orchestra.,
The grandmother be lovin' warm weather.,Who be lovin' warm weather?,The grandmother.,
The grandmother never ate no peppermint bites.,Never ate no what?,Peppermint bites.,
The grandmother dig vacations.,Who dig vacations?,The grandmother.,
The grandmother done drank water today.,Done drank what?,Water today.,
The grandmother be likin' carpet floorin'.,Who be likin' carpet floorin'?,The grandmother.,
The grandmother done charged the computer.,Charged what?,The computer.,
The grandmother done went to the dance.,Done went where?,To the dance.,
The grandmother done put them stickers on the wall.,Done put stickers where?,On the wall.,
The grandmother done pay the bills.,Done pay what?,The bills.,
The grandmother takin' a test.,Takin' what?,A test.,
The grandmother takin' a train.,Takin' what?,A train.,
The grandmother boardin' the airplane.,Boarded what?,The airplane.,
The grandmother done left the park.,Left where?,The park.,
The grandmother never made no friend.,Never made no what?,Friend.,
The grandmother done listened to music.,Listened to what?,Music.,
The grandmother done painted a landscape.,Painted what?,A landscape.,
The grandmother done improvised a presentation.,Improvised what?,A presentation.,
The grandmother done performed a musical.,Performed what?,A musical.,
The grandmother done studied hard.,Who done studied hard?,The grandmother.,
The grandmother done made a reservation at the restaurant.,Done made what?,A reservation at the restaurant.,
The grandmother done calculated averages.,Done calculated what?,Averages.,
The grandmother done lost them keys.,Done lost what?,Keys.,
The grandmother done sold them clothes.,Done sold them what?,Clothes.,
The grandmother be dancin' all night.,Be dancin' when?,All night.,
The grandmother be knowin' her.,Be knowin' who?,Her.,
The grandmother done recognized him.,Recognized who?,Him.,
The grandmother never saw no dog.,Never saw no what?,Dog.,
The grandmother done volunteered at the park.,Done volunteered where?,At the park.,
The grandmother never lost no game.,Never lost no what?,Game.,
The grandmother never won no match.,Never won no what?,Match.,
The grandmother done picked up the phone.,Picked up what?,The phone.,
The grandmother be scrollin' down the webpage.,Be scrollin' down what?,The webpage.,
The grandmother done did the homework.,Done did what?,The homework.,
The grandmother done cleaned the window.,Done cleaned what?,The window.,
The grandmother be openin' the window.,Be openin' what?,The window.,
The grandmother done closed the door.,Done closed what?,The door.,
The grandmother drew them pictures.,Drew what?,Pictures.,
The grandmother done took them.,Done took what?,Them.,
The grandmother be buyin' colored pencils.,Be buyin' what?,Colored pencils.,
The grandmother done created an origami plane.,Done created what?,An origami plane.,
The grandmother done 15 hours of sleep.,Who done 15 hours of sleep?,The grandmother.,
The grandmother be buying a leather jacket.,Bought what?,A leather jacket.,
The grandmother be seeing a Broadway musical.,Saw what?,A Broadway musical.,
The grandmother done wrote 20 pages.,Wrote what?,20 pages.,
The grandmother be needing to write 20 pages.,Needs to write what?,20 pages.,
The grandmother drew on the blackboard.,Drew where?,On the blackboard.,
The grandmother never found no iPad.,Never found no what?,iPad.,
The grandmother never bought no pen and pencil.,Never bought no what?,Pen and pencil.,
The grandmother be learning to code.,Be learning to what?,Code.,
The grandmother done found the treasure.,Done found what?,The treasure.,
The grandmother be playin' soccer.,Be playin' what?,Soccer.,
The grandmother be injured.,Who be injured?,The grandmother.,
The grandmother never woke up to no cold weather.,Never woke up to no what?,Cold.,
The grandmother done stepped outside.,Done stepped where?,Outside.,
The grandmother be goin' to bed.,Be goin' where?,To bed.,
The grandmother be fallin' asleep.,Who be fallin' asleep?,The grandmother.,
The grandmother be takin' a nap. ,Be takin' what?,A nap.,
The grandmother never got no sickness.,Never got no what?,Sickness.,
The grandmother be puttin' on a hat.,Be puttin' on what?,A hat.,
The grandmother be callin' the principal.,Be callin' who?,The principal.,
The grandmother never fell off no swing.,Never fell off no what?,Swing.,
The grandmother never found no seashells.,Never found no what?,Seashells,
The grandmother be visitin' a family member.,Be visitin' who?,A family member,
The grandmother be pausin' the song.,Be pausin' what?,The song.,
The grandmother done invited a friend.,Done invited who?,A friend.,
The grandmother never hung out with no friend.,Never hung out with no what?,Friends.,
The grandmother be composin' new music.,Be composin' what?,New music.,
The grandmother done wrote a novel.,Done wrote what?,A novel.,
The grandmother done exercised at the gym.,Done exercised where?,At the gym.,
The grandmother be stayin' hydrated.,Be stayin' what?,Hydrated.,
The grandmother be playin' with the dog.,Be playin' with what?,The dog.,
The grandmother done practiced for 40 hours.,Done practiced how?,For 40 hours.,
The grandmother be goin' on a rollercoaster.,Be goin' on what?,A rollercoaster.,
The grandmother be rollin' down the hill.,Be rollin' down what?,The hill.,
The grandmother done turned off them lights.,Done turned off what?,Lights.,
The grandmother done knitted a scarf.,Done knitted what?,A scarf.,
The grandmother never voted in no election.,Never voted in no what?,Election.,
The grandmother never drank no coffees.,Never drank no what?,Coffees.,
The grandmother done bought new earrings.,Bought what?,Earrings.,
