I make soup.,Who makes soup?,I.,Unnamed: 3
I make houses.,Who makes houses?,I.,
I cook beans.,Who cooks beans?,I.,
I went home early.,Went home when?,Early.,
I sing a song.,Who sings a song?,I.,
I love dogs.,Who loves dogs?,I.,
I play piano.,Who plays piano?,I.,
I go to concerts.,Who goes to concerts?,I.,
I swim at the beach.,Who swims at the beach?,I.,
I went to the mall.,Went where?,The mall.,
I fixed the car.,Fixed what?,The car.,
I ate fruit snacks.,Ate what?,Fruit snacks.,
I designed stickers.,Designed what?,Those stickers.,
I wrote a story.,Wrote what?,A story.,
I made a program.,Made what?,That program.,
I cleaned the room.,Cleaned what?,The room.,
I watched the kids.,Watched who?,Kids.,
I eat chicken nuggets.,Who eats chicken nuggets?,I.,
I like fruit snacks.,Who likes fruit snacks?,I.,
I play viola.,Who plays viola?,I.,
I conduct an orchestra.,Conducts what?,An orchestra.,
I love warm weather.,Who loves warm weather?,I.,
I ate peppermint bites.,Ate what?,Peppermint bites.,
I like vacations.,Who likes vacations?,I.,
I drank water today.,Drank what?,Water today.,
I like carpet flooring.,Who likes carpet flooring?,I.,
I charged the computer.,Charged what?,The computer.,
I went to the dance.,Went where?,To the dance.,
I put stickers on the wall.,Put stickers where?,On the wall.,
I paid the bills.,Paid what?,The bills.,
I took a test.,Took what?,A test.,
I took a train.,Took what?,A train.,
I boarded the airplane.,Boarded what?,The airplane.,
I left the park.,Left where?,The park.,
I made a friend.,Made what?,Friend.,
I listened to music.,Listened to what?,Music.,
I painted a landscape.,Painted what?,A landscape.,
I improvised a presentation.,Improvised what?,A presentation.,
I performed a musical.,Performed what?,A musical.,
I studied hard.,Who studied hard?,I.,
I made a reservation at the restaurant.,Made what?,A reservation at the restaurant.,
I calculated averages.,Calculated what?,Averages.,
I lost the keys.,Lost what?,Keys.,
I sold the clothes.,Sold what?,Clothes.,
I danced all night.,Danced when?,All night.,
I knew her.,Knew who?,Her,
I recognized him.,Recognized who?,Him.,
I saw a dog.,Saw what?,Dog.,
I volunteered at the park.,Volunteered where?,At the park.,
I lost the game.,Lost what?,Game.,
I won the match.,Won what?,Match.,
I picked up the phone.,Picked up what?,The phone.,
I scrolled down the webpage.,Scrolled down what?,The webpage.,
I did the homework.,Did what?,The homework.,
I cleaned the window.,Cleaned what?,The window.,
I opened the window.,Opened what?,The window.,
I closed the door.,Closed what?,The door.,
I drew a picture.,Drew what?,Pictures.,
I took a picture.,Took what?,Them.,
I bought colored pencils.,Bought what?,Colored pencils.,
I created an origami plane.,Created what?,An origami plane.,
I slept for 15 hours.,Slept how?,I.,
I bought a leather jacket.,Bought what?,A leather jacket.,
I saw a Broadway musical.,Saw what?,A Broadway musical.,
I wrote 20 pages.,Wrote what?,20 pages.,
I need to write 20 pages.,Needs to what?,20 pages.,
I drew on the blackboard.,Drew where?,On the blackboard.,
I found the iPad.,Found what?,iPad.,
I bought a pen and pencil.,Bought what?,Pen and pencil.,
I learned to code.,Learned what?,Code.,
I found the treasure.,Found what?,The treasure.,
I played soccer.,Played what?,Soccer.,
I was injured.,Who was injured?,I.,
I woke up to cold weather.,Woke up to what?,Cold.,
I stepped outside.,Stepped where?,Outside.,
I went to bed.,Went where?,To bed.,
I fell asleep.,Who fell asleep?,I.,
I took a nap. ,Took what?,A nap.,
I got sick.,Got what?,Sickness.,
I put on a hat.,Put on what?,A hat.,
I called the principal.,Called who?,The principal.,
I fell off a swing.,Fell off what?,Swing.,
I found seashells.,Found what?,Seashells.,
I visited a family member.,Visited who?,A family member.,
I paused the song.,Paused what?,The song.,
I invited a friend.,Invited who?,A friend.,
I hung out with a friend.,Hung out with who?,Friends.,
I composed new music.,Composed what?,New music.,
I wrote a novel.,Wrote what?,A novel.,
I exercised at the gym.,Exercised where?,At the gym.,
I stayed hydrated.,Stayed what?,Hydrated.,
I played with the dog.,Played with what?,The dog.,
I practiced for 40 hours.,Practiced how?,For 40 hours.,
I went on a rollercoaster.,Went where?,A rollercoaster.,
I rolled down the hill.,Rolled down what?,The hill.,
I turned off the light.,Turned off what?,The light.,
I knitted a scarf.,Knitted what?,A scarf.,
I voted in the election.,Voted in what?,Election.,
I drank three coffees.,Drank what?,Coffees.,
I bought new earrings.,Bought what?,Earrings.,ANSWERS
You make soup.,Who makes soup?,You.,
You make houses.,Who makes houses?,You.,
You cook beans.,Who cooks beans?,You.,
You went home early.,Went home when?,Early.,
You sing a song.,Who sings a song?,You.,
You love dogs.,Who loves dogs?,You.,
You play piano.,Who plays piano?,You.,
You go to concerts.,Who goes to concerts?,You.,
You swim at the beach.,Who swims at the beach?,You.,
You went to the mall.,Went where?,The mall.,
You fixed the car.,Fixed what?,The car.,
You ate fruit snacks.,Ate what?,Fruit snacks.,
You designed stickers.,Designed what?,Those stickers.,
You wrote a story.,Wrote what?,A story.,
You made a program.,Made what?,That program.,
You cleaned the room.,Cleaned what?,The room.,
You watched the kids.,Watched who?,Kids.,
You eat chicken nuggets.,Who eats chicken nuggets?,You.,
You like fruit snacks.,Who likes fruit snacks?,You.,
You play viola.,Who plays viola?,You.,
You conduct an orchestra.,Conducts what?,An orchestra.,
You love warm weather.,Who loves warm weather?,You.,
You ate peppermint bites.,Ate what?,Peppermint bites.,
You like vacations.,Who likes vacations?,You.,
You drank water today.,Drank what?,Water today.,
You like carpet flooring.,Who likes carpet flooring?,You.,
You charged the computer.,Charged what?,The computer.,
You went to the dance.,Went where?,To the dance.,
You put stickers on the wall.,Put stickers where?,On the wall.,
You paid the bills.,Paid what?,The bills.,
You took a test.,Took what?,A test.,
You took a train.,Took what?,A train.,
You boarded the airplane.,Boarded what?,The airplane.,
You left the park.,Left where?,The park.,
You made a friend.,Made what?,Friend.,
You listened to music.,Listened to what?,Music.,
You painted a landscape.,Painted what?,A landscape.,
You improvised a presentation.,Improvised what?,A presentation.,
You performed a musical.,Performed what?,A musical.,
You studied hard.,Who studied hard?,You.,
You made a reservation at the restaurant.,Made what?,A reservation at the restaurant.,
You calculated averages.,Calculated what?,Averages.,
You lost the keys.,Lost what?,Keys.,
You sold the clothes.,Sold what?,Clothes.,
You danced all night.,Danced when?,All night.,
You knew her.,Knew who?,Her,
You recognized him.,Recognized who?,Him.,
You saw a dog.,Saw what?,Dog.,
You volunteered at the park.,Volunteered where?,At the park.,
You lost the game.,Lost what?,Game.,
You won the match.,Won what?,Match.,
You picked up the phone.,Picked up what?,The phone.,
You scrolled down the webpage.,Scrolled down what?,The webpage.,
You did the homework.,Did what?,The homework.,
You cleaned the window.,Cleaned what?,The window.,
You opened the window.,Opened what?,The window.,
You closed the door.,Closed what?,The door.,
You drew a picture.,Drew what?,Pictures.,
You took a picture.,Took what?,Them.,
You bought colored pencils.,Bought what?,Colored pencils.,
You created an origami plane.,Created what?,An origami plane.,
You slept for 15 hours.,Slept how?,You.,
You bought a leather jacket.,Bought what?,A leather jacket.,
You saw a Broadway musical.,Saw what?,A Broadway musical.,
You wrote 20 pages.,Wrote what?,20 pages.,
You need to write 20 pages.,Needs to what?,20 pages.,
You drew on the blackboard.,Drew where?,On the blackboard.,
You found the iPad.,Found what?,iPad.,
You bought a pen and pencil.,Bought what?,Pen and pencil.,
You learned to code.,Learned what?,Code.,
You found the treasure.,Found what?,The treasure.,
You played soccer.,Played what?,Soccer.,
You were injured.,Who was injured?,You.,
You woke up to cold weather.,Woke up to what?,Cold.,
You stepped outside.,Stepped where?,Outside.,
You went to bed.,Went where?,To bed.,
You fell asleep.,Who fell asleep?,You.,
You took a nap. ,Took what?,A nap.,
You got sick.,Got what?,Sickness.,
You put on a hat.,Put on what?,A hat.,
You called the principal.,Called who?,The principal.,
You fell off a swing.,Fell off what?,Swing.,
You found seashells.,Found what?,Seashells.,
You visited a family member.,Visited who?,A family member.,
You paused the song.,Paused what?,The song.,
You invited a friend.,Invited who?,A friend.,
You hung out with a friend.,Hung out with who?,Friends.,
You composed new music.,Composed what?,New music.,
You wrote a novel.,Wrote what?,A novel.,
You exercised at the gym.,Exercised where?,At the gym.,
You stayed hydrated.,Stayed what?,Hydrated.,
You played with the dog.,Played with what?,The dog.,
You practiced for 40 hours.,Practiced how?,For 40 hours.,
You went on a rollercoaster.,Went where?,A rollercoaster.,
You rolled down the hill.,Rolled down what?,The hill.,
You turned off the light.,Turned off what?,The light.,
You knitted a scarf.,Knitted what?,A scarf.,
You voted in the election.,Voted in what?,Election.,
You drank three coffees.,Drank what?,Coffees.,
You bought new earrings.,Bought what?,Earrings.,
We make soup.,Who makes soup?,We.,
We make houses.,Who makes houses?,We.,
We cook beans.,Who cooks beans?,We.,
We went home early.,Went home when?,Early.,
We sing a song.,Who sings a song?,We.,
We love dogs.,Who loves dogs?,We.,
We play piano.,Who plays piano?,We.,
We go to concerts.,Who goes to concerts?,We.,
We swim at the beach.,Who swims at the beach?,We.,
We went to the mall.,Went where?,The mall.,
We fixed the car.,Fixed what?,The car.,
We ate fruit snacks.,Ate what?,Fruit snacks.,
We designed stickers.,Designed what?,Those stickers.,
We wrote a story.,Wrote what?,A story.,
We made a program.,Made what?,That program.,
We cleaned the room.,Cleaned what?,The room.,
We watched the kids.,Watched who?,Kids.,
We eat chicken nuggets.,Who eats chicken nuggets?,We.,
We like fruit snacks.,Who likes fruit snacks?,We.,
We play viola.,Who plays viola?,We.,
We conduct an orchestra.,Conducts what?,An orchestra.,
We love warm weather.,Who loves warm weather?,We.,
We ate peppermint bites.,Ate what?,Peppermint bites.,
We like vacations.,Who likes vacations?,We.,
We drank water today.,Drank what?,Water today.,
We like carpet flooring.,Who likes carpet flooring?,We.,
We charged the computer.,Charged what?,The computer.,
We went to the dance.,Went where?,To the dance.,
We put stickers on the wall.,Put stickers where?,On the wall.,
We paid the bills.,Paid what?,The bills.,
We took a test.,Took what?,A test.,
We took a train.,Took what?,A train.,
We boarded the airplane.,Boarded what?,The airplane.,
We left the park.,Left where?,The park.,
We made a friend.,Made what?,Friend.,
We listened to music.,Listened to what?,Music.,
We painted a landscape.,Painted what?,A landscape.,
We improvised a presentation.,Improvised what?,A presentation.,
We performed a musical.,Performed what?,A musical.,
We studied hard.,Who studied hard?,We.,
We made a reservation at the restaurant.,Made what?,A reservation at the restaurant.,
We calculated averages.,Calculated what?,Averages.,
We lost the keys.,Lost what?,Keys.,
We sold the clothes.,Sold what?,Clothes.,
We danced all night.,Danced when?,All night.,
We knew her.,Knew who?,Her,
We recognized him.,Recognized who?,Him.,
We saw a dog.,Saw what?,Dog.,
We volunteered at the park.,Volunteered where?,At the park.,
We lost the game.,Lost what?,Game.,
We won the match.,Won what?,Match.,
We picked up the phone.,Picked up what?,The phone.,
We scrolled down the webpage.,Scrolled down what?,The webpage.,
We did the homework.,Did what?,The homework.,
We cleaned the window.,Cleaned what?,The window.,
We opened the window.,Opened what?,The window.,
We closed the door.,Closed what?,The door.,
We drew a picture.,Drew what?,Pictures.,
We took a picture.,Took what?,Them.,
We bought colored pencils.,Bought what?,Colored pencils.,
We created an origami plane.,Created what?,An origami plane.,
We slept for 15 hours.,Slept how?,We.,
We bought a leather jacket.,Bought what?,A leather jacket.,
We saw a Broadway musical.,Saw what?,A Broadway musical.,
We wrote 20 pages.,Wrote what?,20 pages.,
We need to write 20 pages.,Needs to what?,20 pages.,
We drew on the blackboard.,Drew where?,On the blackboard.,
We found the iPad.,Found what?,iPad.,
We bought a pen and pencil.,Bought what?,Pen and pencil.,
We learned to code.,Learned what?,Code.,
We found the treasure.,Found what?,The treasure.,
We played soccer.,Played what?,Soccer.,
We were injured.,Who was injured?,We.,
We woke up to cold weather.,Woke up to what?,Cold.,
We stepped outside.,Stepped where?,Outside.,
We went to bed.,Went where?,To bed.,
We fell asleep.,Who fell asleep?,We.,
We took a nap. ,Took what?,A nap.,
We got sick.,Got what?,Sickness.,
We put on a hat.,Put on what?,A hat.,
We called the principal.,Called who?,The principal.,
We fell off a swing.,Fell off what?,Swing.,
We found seashells.,Found what?,Seashells.,
We visited a family member.,Visited who?,A family member.,
We paused the song.,Paused what?,The song.,
We invited a friend.,Invited who?,A friend.,
We hung out with a friend.,Hung out with who?,Friends.,
We composed new music.,Composed what?,New music.,
We wrote a novel.,Wrote what?,A novel.,
We exercised at the gym.,Exercised where?,At the gym.,
We stayed hydrated.,Stayed what?,Hydrated.,
We played with the dog.,Played with what?,The dog.,
We practiced for 40 hours.,Practiced how?,For 40 hours.,
We went on a rollercoaster.,Went where?,A rollercoaster.,
We rolled down the hill.,Rolled down what?,The hill.,
We turned off the light.,Turned off what?,The light.,
We knitted a scarf.,Knitted what?,A scarf.,
We voted in the election.,Voted in what?,Election.,
We drank three coffees.,Drank what?,Coffees.,
We bought new earrings.,Bought what?,Earrings.,
They make soup.,Who makes soup?,They.,
They make houses.,Who makes houses?,They.,
They cook beans.,Who cooks beans?,They.,
They went home early.,Went home when?,Early.,
They sing a song.,Who sings a song?,They.,
They love dogs.,Who loves dogs?,They.,
They play piano.,Who plays piano?,They.,
They go to concerts.,Who goes to concerts?,They.,
They swim at the beach.,Who swims at the beach?,They.,
They went to the mall.,Went where?,The mall.,
They fixed the car.,Fixed what?,The car.,
They ate fruit snacks.,Ate what?,Fruit snacks.,
They designed stickers.,Designed what?,Those stickers.,
They wrote a story.,Wrote what?,A story.,
They made a program.,Made what?,That program.,
They cleaned the room.,Cleaned what?,The room.,
They watched the kids.,Watched who?,Kids.,
They eat chicken nuggets.,Who eats chicken nuggets?,They.,
They like fruit snacks.,Who likes fruit snacks?,They.,
They play viola.,Who plays viola?,They.,
They conduct an orchestra.,Conducts what?,An orchestra.,
They love warm weather.,Who loves warm weather?,They.,
They ate peppermint bites.,Ate what?,Peppermint bites.,
They like vacations.,Who likes vacations?,They.,
They drank water today.,Drank what?,Water today.,
They like carpet flooring.,Who likes carpet flooring?,They.,
They charged the computer.,Charged what?,The computer.,
They went to the dance.,Went where?,To the dance.,
They put stickers on the wall.,Put stickers where?,On the wall.,
They paid the bills.,Paid what?,The bills.,
They took a test.,Took what?,A test.,
They took a train.,Took what?,A train.,
They boarded the airplane.,Boarded what?,The airplane.,
They left the park.,Left where?,The park.,
They made a friend.,Made what?,Friend.,
They listened to music.,Listened to what?,Music.,
They painted a landscape.,Painted what?,A landscape.,
They improvised a presentation.,Improvised what?,A presentation.,
They performed a musical.,Performed what?,A musical.,
They studied hard.,Who studied hard?,They.,
They made a reservation at the restaurant.,Made what?,A reservation at the restaurant.,
They calculated averages.,Calculated what?,Averages.,
They lost the keys.,Lost what?,Keys.,
They sold the clothes.,Sold what?,Clothes.,
They danced all night.,Danced when?,All night.,
They knew her.,Knew who?,Her,
They recognized him.,Recognized who?,Him.,
They saw a dog.,Saw what?,Dog.,
They volunteered at the park.,Volunteered where?,At the park.,
They lost the game.,Lost what?,Game.,
They won the match.,Won what?,Match.,
They picked up the phone.,Picked up what?,The phone.,
They scrolled down the webpage.,Scrolled down what?,The webpage.,
They did the homework.,Did what?,The homework.,
They cleaned the window.,Cleaned what?,The window.,
They opened the window.,Opened what?,The window.,
They closed the door.,Closed what?,The door.,
They drew a picture.,Drew what?,Pictures.,
They took a picture.,Took what?,Them.,
They bought colored pencils.,Bought what?,Colored pencils.,
They created an origami plane.,Created what?,An origami plane.,
They slept for 15 hours.,Slept how?,They.,
They bought a leather jacket.,Bought what?,A leather jacket.,
They saw a Broadway musical.,Saw what?,A Broadway musical.,
They wrote 20 pages.,Wrote what?,20 pages.,
They need to write 20 pages.,Needs to what?,20 pages.,
They drew on the blackboard.,Drew where?,On the blackboard.,
They found the iPad.,Found what?,iPad.,
They bought a pen and pencil.,Bought what?,Pen and pencil.,
They learned to code.,Learned what?,Code.,
They found the treasure.,Found what?,The treasure.,
They played soccer.,Played what?,Soccer.,
They were injured.,Who was injured?,They.,
They woke up to cold weather.,Woke up to what?,Cold.,
They stepped outside.,Stepped where?,Outside.,
They went to bed.,Went where?,To bed.,
They fell asleep.,Who fell asleep?,They.,
They took a nap. ,Took what?,A nap.,
They got sick.,Got what?,Sickness.,
They put on a hat.,Put on what?,A hat.,
They called the principal.,Called who?,The principal.,
They fell off a swing.,Fell off what?,Swing.,
They found seashells.,Found what?,Seashells.,
They visited a family member.,Visited who?,A family member.,
They paused the song.,Paused what?,The song.,
They invited a friend.,Invited who?,A friend.,
They hung out with a friend.,Hung out with who?,Friends.,
They composed new music.,Composed what?,New music.,
They wrote a novel.,Wrote what?,A novel.,
They exercised at the gym.,Exercised where?,At the gym.,
They stayed hydrated.,Stayed what?,Hydrated.,
They played with the dog.,Played with what?,The dog.,
They practiced for 40 hours.,Practiced how?,For 40 hours.,
They went on a rollercoaster.,Went where?,A rollercoaster.,
They rolled down the hill.,Rolled down what?,The hill.,
They turned off the light.,Turned off what?,The light.,
They knitted a scarf.,Knitted what?,A scarf.,
They voted in the election.,Voted in what?,Election.,
They drank three coffees.,Drank what?,Coffees.,
They bought new earrings.,Bought what?,Earrings.,
He makes soup.,Who makes soup?,He.,
He makes houses.,Who makes houses?,He.,
He cooks beans.,Who cooks beans?,He.,
He went home early.,Went home when?,Early.,
He sings a song.,Who sings a song?,He.,
He loves dogs.,Who loves dogs?,He.,
He plays piano.,Who plays piano?,He.,
He goes to concerts.,Who goes to concerts?,He.,
He swims at the beach.,Who swims at the beach?,He.,
He went to the mall.,Went where?,The mall.,
He fixed the car.,Fixed what?,The car.,
He ate fruit snacks.,Ate what?,Fruit snacks.,
He designed stickers.,Designed what?,Those stickers.,
He wrote a story.,Wrote what?,A story.,
He made a program.,Made what?,That program.,
He cleaned the room.,Cleaned what?,The room.,
He watched the kids.,Watched who?,Kids.,
He eats chicken nuggets.,Who eats chicken nuggets?,He.,
He likes fruit snacks.,Who likes fruit snacks?,He.,
He plays viola.,Who plays viola?,He.,
He conducts an orchestra.,Conducts what?,An orchestra.,
He loves warm weather.,Who loves warm weather?,He.,
He ate peppermint bites.,Ate what?,Peppermint bites.,
He likes vacations.,Who likes vacations?,He.,
He drank water today.,Drank what?,Water today.,
He likes carpet flooring.,Who likes carpet flooring?,He.,
He charged the computer.,Charged what?,The computer.,
He went to the dance.,Went where?,To the dance.,
He put stickers on the wall.,Put stickers where?,On the wall.,
He paid the bills.,Paid what?,The bills.,
He took a test.,Took what?,A test.,
He took a train.,Took what?,A train.,
He boarded the airplane.,Boarded what?,The airplane.,
He left the park.,Left where?,The park.,
He made a friend.,Made what?,Friend.,
He listened to music.,Listened to what?,Music.,
He painted a landscape.,Painted what?,A landscape.,
He improvised a presentation.,Improvised what?,A presentation.,
He performed a musical.,Performed what?,A musical.,
He studied hard.,Who studied hard?,He.,
He made a reservation at the restaurant.,Made what?,A reservation at the restaurant.,
He calculated averages.,Calculated what?,Averages.,
He lost the keys.,Lost what?,Keys.,
He sold the clothes.,Sold what?,Clothes.,
He danced all night.,Danced when?,All night.,
He knew her.,Knew who?,Her,
He recognized him.,Recognized who?,Him.,
He saw a dog.,Saw what?,Dog.,
He volunteered at the park.,Volunteered where?,At the park.,
He lost the game.,Lost what?,Game.,
He won the match.,Won what?,Match.,
He picked up the phone.,Picked up what?,The phone.,
He scrolled down the webpage.,Scrolled down what?,The webpage.,
He did the homework.,Did what?,The homework.,
He cleaned the window.,Cleaned what?,The window.,
He opened the window.,Opened what?,The window.,
He closed the door.,Closed what?,The door.,
He drew a picture.,Drew what?,Pictures.,
He took a picture.,Took what?,Them.,
He bought colored pencils.,Bought what?,Colored pencils.,
He created an origami plane.,Created what?,An origami plane.,
He slept for 15 hours.,Slept how?,He.,
He bought a leather jacket.,Bought what?,A leather jacket.,
He saw a Broadway musical.,Saw what?,A Broadway musical.,
He wrote 20 pages.,Wrote what?,20 pages.,
He needs to write 20 pages.,Needs to what?,20 pages.,
He drew on the blackboard.,Drew where?,On the blackboard.,
He found the iPad.,Found what?,iPad.,
He bought a pen and pencil.,Bought what?,Pen and pencil.,
He learned to code.,Learned what?,Code.,
He found the treasure.,Found what?,The treasure.,
He played soccer.,Played what?,Soccer.,
He was injured.,Who was injured?,He.,
He woke up to cold weather.,Woke up to what?,Cold.,
He stepped outside.,Stepped where?,Outside.,
He went to bed.,Went where?,To bed.,
He fell asleep.,Who fell asleep?,He.,
He took a nap. ,Took what?,A nap.,
He got sick.,Got what?,Sickness.,
He put on a hat.,Put on what?,A hat.,
He called the principal.,Called who?,The principal.,
He fell off a swing.,Fell off what?,Swing.,
He found seashells.,Found what?,Seashells.,
He visited a family member.,Visited who?,A family member.,
He paused the song.,Paused what?,The song.,
He invited a friend.,Invited who?,A friend.,
He hung out with a friend.,Hung out with who?,Friends.,
He composed new music.,Composed what?,New music.,
He wrote a novel.,Wrote what?,A novel.,
He exercised at the gym.,Exercised where?,At the gym.,
He stayed hydrated.,Stayed what?,Hydrated.,
He played with the dog.,Played with what?,The dog.,
He practiced for 40 hours.,Practiced how?,For 40 hours.,
He went on a rollercoaster.,Went where?,A rollercoaster.,
He rolled down the hill.,Rolled down what?,The hill.,
He turned off the light.,Turned off what?,The light.,
He knitted a scarf.,Knitted what?,A scarf.,
He voted in the election.,Voted in what?,Election.,
He drank three coffees.,Drank what?,Coffees.,
He bought new earrings.,Bought what?,Earrings.,
She makes soup.,Who makes soup?,She.,
She makes houses.,Who makes houses?,She.,
She cooks beans.,Who cooks beans?,She.,
She went home early.,Went home when?,Early.,
She sings a song.,Who sings a song?,She.,
She loves dogs.,Who loves dogs?,She.,
She plays piano.,Who plays piano?,She.,
She goes to concerts.,Who goes to concerts?,She.,
She swims at the beach.,Who swims at the beach?,She.,
She went to the mall.,Went where?,The mall.,
She fixed the car.,Fixed what?,The car.,
She ate fruit snacks.,Ate what?,Fruit snacks.,
She designed stickers.,Designed what?,Those stickers.,
She wrote a story.,Wrote what?,A story.,
She made a program.,Made what?,That program.,
She cleaned the room.,Cleaned what?,The room.,
She watched the kids.,Watched who?,Kids.,
She eats chicken nuggets.,Who eats chicken nuggets?,She.,
She likes fruit snacks.,Who likes fruit snacks?,She.,
She plays viola.,Who plays viola?,She.,
She conducts an orchestra.,Conducts what?,An orchestra.,
She loves warm weather.,Who loves warm weather?,She.,
She ate peppermint bites.,Ate what?,Peppermint bites.,
She likes vacations.,Who likes vacations?,She.,
She drank water today.,Drank what?,Water today.,
She likes carpet flooring.,Who likes carpet flooring?,She.,
She charged the computer.,Charged what?,The computer.,
She went to the dance.,Went where?,To the dance.,
She put stickers on the wall.,Put stickers where?,On the wall.,
She paid the bills.,Paid what?,The bills.,
She took a test.,Took what?,A test.,
She took a train.,Took what?,A train.,
She boarded the airplane.,Boarded what?,The airplane.,
She left the park.,Left where?,The park.,
She made a friend.,Made what?,Friend.,
She listened to music.,Listened to what?,Music.,
She painted a landscape.,Painted what?,A landscape.,
She improvised a presentation.,Improvised what?,A presentation.,
She performed a musical.,Performed what?,A musical.,
She studied hard.,Who studied hard?,She.,
She made a reservation at the restaurant.,Made what?,A reservation at the restaurant.,
She calculated averages.,Calculated what?,Averages.,
She lost the keys.,Lost what?,Keys.,
She sold the clothes.,Sold what?,Clothes.,
She danced all night.,Danced when?,All night.,
She knew her.,Knew who?,Her,
She recognized him.,Recognized who?,Him.,
She saw a dog.,Saw what?,Dog.,
She volunteered at the park.,Volunteered where?,At the park.,
She lost the game.,Lost what?,Game.,
She won the match.,Won what?,Match.,
She picked up the phone.,Picked up what?,The phone.,
She scrolled down the webpage.,Scrolled down what?,The webpage.,
She did the homework.,Did what?,The homework.,
She cleaned the window.,Cleaned what?,The window.,
She opened the window.,Opened what?,The window.,
She closed the door.,Closed what?,The door.,
She drew a picture.,Drew what?,Pictures.,
She took a picture.,Took what?,Them.,
She bought colored pencils.,Bought what?,Colored pencils.,
She created an origami plane.,Created what?,An origami plane.,
She slept for 15 hours.,Slept how?,She.,
She bought a leather jacket.,Bought what?,A leather jacket.,
She saw a Broadway musical.,Saw what?,A Broadway musical.,
She wrote 20 pages.,Wrote what?,20 pages.,
She needs to write 20 pages.,Needs to what?,20 pages.,
She drew on the blackboard.,Drew where?,On the blackboard.,
She found the iPad.,Found what?,iPad.,
She bought a pen and pencil.,Bought what?,Pen and pencil.,
She learned to code.,Learned what?,Code.,
She found the treasure.,Found what?,The treasure.,
She played soccer.,Played what?,Soccer.,
She was injured.,Who was injured?,She.,
She woke up to cold weather.,Woke up to what?,Cold.,
She stepped outside.,Stepped where?,Outside.,
She went to bed.,Went where?,To bed.,
She fell asleep.,Who fell asleep?,She.,
She took a nap. ,Took what?,A nap.,
She got sick.,Got what?,Sickness.,
She put on a hat.,Put on what?,A hat.,
She called the principal.,Called who?,The principal.,
She fell off a swing.,Fell off what?,Swing.,
She found seashells.,Found what?,Seashells.,
She visited a family member.,Visited who?,A family member.,
She paused the song.,Paused what?,The song.,
She invited a friend.,Invited who?,A friend.,
She hung out with a friend.,Hung out with who?,Friends.,
She composed new music.,Composed what?,New music.,
She wrote a novel.,Wrote what?,A novel.,
She exercised at the gym.,Exercised where?,At the gym.,
She stayed hydrated.,Stayed what?,Hydrated.,
She played with the dog.,Played with what?,The dog.,
She practiced for 40 hours.,Practiced how?,For 40 hours.,
She went on a rollercoaster.,Went where?,A rollercoaster.,
She rolled down the hill.,Rolled down what?,The hill.,
She turned off the light.,Turned off what?,The light.,
She knitted a scarf.,Knitted what?,A scarf.,
She voted in the election.,Voted in what?,Election.,
She drank three coffees.,Drank what?,Coffees.,
She bought new earrings.,Bought what?,Earrings.,
Mary makes soup.,Who makes soup?,Mary.,
Mary makes houses.,Who makes houses?,Mary.,
Mary cooks beans.,Who cooks beans?,Mary.,
Mary went home early.,Went home when?,Early.,
Mary sings a song.,Who sings a song?,Mary.,
Mary loves dogs.,Who loves dogs?,Mary.,
Mary plays piano.,Who plays piano?,Mary.,
Mary goes to concerts.,Who goes to concerts?,Mary.,
Mary swims at the beach.,Who swims at the beach?,Mary.,
Mary went to the mall.,Went where?,The mall.,
Mary fixed the car.,Fixed what?,The car.,
Mary ate fruit snacks.,Ate what?,Fruit snacks.,
Mary designed stickers.,Designed what?,Those stickers.,
Mary wrote a story.,Wrote what?,A story.,
Mary made a program.,Made what?,That program.,
Mary cleaned the room.,Cleaned what?,The room.,
Mary watched the kids.,Watched who?,Kids.,
Mary eats chicken nuggets.,Who eats chicken nuggets?,Mary.,
Mary likes fruit snacks.,Who likes fruit snacks?,Mary.,
Mary plays viola.,Who plays viola?,Mary.,
Mary conducts an orchestra.,Conducts what?,An orchestra.,
Mary loves warm weather.,Who loves warm weather?,Mary.,
Mary ate peppermint bites.,Ate what?,Peppermint bites.,
Mary likes vacations.,Who likes vacations?,Mary.,
Mary drank water today.,Drank what?,Water today.,
Mary likes carpet flooring.,Who likes carpet flooring?,Mary.,
Mary charged the computer.,Charged what?,The computer.,
Mary went to the dance.,Went where?,To the dance.,
Mary put stickers on the wall.,Put stickers where?,On the wall.,
Mary paid the bills.,Paid what?,The bills.,
Mary took a test.,Took what?,A test.,
Mary took a train.,Took what?,A train.,
Mary boarded the airplane.,Boarded what?,The airplane.,
Mary left the park.,Left where?,The park.,
Mary made a friend.,Made what?,Friend.,
Mary listened to music.,Listened to what?,Music.,
Mary painted a landscape.,Painted what?,A landscape.,
Mary improvised a presentation.,Improvised what?,A presentation.,
Mary performed a musical.,Performed what?,A musical.,
Mary studied hard.,Who studied hard?,Mary.,
Mary made a reservation at the restaurant.,Made what?,A reservation at the restaurant.,
Mary calculated averages.,Calculated what?,Averages.,
Mary lost the keys.,Lost what?,Keys.,
Mary sold the clothes.,Sold what?,Clothes.,
Mary danced all night.,Danced when?,All night.,
Mary knew her.,Knew who?,Her,
Mary recognized him.,Recognized who?,Him.,
Mary saw a dog.,Saw what?,Dog.,
Mary volunteered at the park.,Volunteered where?,At the park.,
Mary lost the game.,Lost what?,Game.,
Mary won the match.,Won what?,Match.,
Mary picked up the phone.,Picked up what?,The phone.,
Mary scrolled down the webpage.,Scrolled down what?,The webpage.,
Mary did the homework.,Did what?,The homework.,
Mary cleaned the window.,Cleaned what?,The window.,
Mary opened the window.,Opened what?,The window.,
Mary closed the door.,Closed what?,The door.,
Mary drew a picture.,Drew what?,Pictures.,
Mary took a picture.,Took what?,Them.,
Mary bought colored pencils.,Bought what?,Colored pencils.,
Mary created an origami plane.,Created what?,An origami plane.,
Mary slept for 15 hours.,Slept how?,Mary.,
Mary bought a leather jacket.,Bought what?,A leather jacket.,
Mary saw a Broadway musical.,Saw what?,A Broadway musical.,
Mary wrote 20 pages.,Wrote what?,20 pages.,
Mary needs to write 20 pages.,Needs to what?,20 pages.,
Mary drew on the blackboard.,Drew where?,On the blackboard.,
Mary found the iPad.,Found what?,iPad.,
Mary bought a pen and pencil.,Bought what?,Pen and pencil.,
Mary learned to code.,Learned what?,Code.,
Mary found the treasure.,Found what?,The treasure.,
Mary played soccer.,Played what?,Soccer.,
Mary was injured.,Who was injured?,Mary.,
Mary woke up to cold weather.,Woke up to what?,Cold.,
Mary stepped outside.,Stepped where?,Outside.,
Mary went to bed.,Went where?,To bed.,
Mary fell asleep.,Who fell asleep?,Mary.,
Mary took a nap. ,Took what?,A nap.,
Mary got sick.,Got what?,Sickness.,
Mary put on a hat.,Put on what?,A hat.,
Mary called the principal.,Called who?,The principal.,
Mary fell off a swing.,Fell off what?,Swing.,
Mary found seashells.,Found what?,Seashells.,
Mary visited a family member.,Visited who?,A family member.,
Mary paused the song.,Paused what?,The song.,
Mary invited a friend.,Invited who?,A friend.,
Mary hung out with a friend.,Hung out with who?,Friends.,
Mary composed new music.,Composed what?,New music.,
Mary wrote a novel.,Wrote what?,A novel.,
Mary exercised at the gym.,Exercised where?,At the gym.,
Mary stayed hydrated.,Stayed what?,Hydrated.,
Mary played with the dog.,Played with what?,The dog.,
Mary practiced for 40 hours.,Practiced how?,For 40 hours.,
Mary went on a rollercoaster.,Went where?,A rollercoaster.,
Mary rolled down the hill.,Rolled down what?,The hill.,
Mary turned off the light.,Turned off what?,The light.,
Mary knitted a scarf.,Knitted what?,A scarf.,
Mary voted in the election.,Voted in what?,Election.,
Mary drank three coffees.,Drank what?,Coffees.,
Mary bought new earrings.,Bought what?,Earrings.,
John makes soup.,Who makes soup?,John.,
John makes houses.,Who makes houses?,John.,
John cooks beans.,Who cooks beans?,John.,
John went home early.,Went home when?,Early.,
John sings a song.,Who sings a song?,John.,
John loves dogs.,Who loves dogs?,John.,
John plays piano.,Who plays piano?,John.,
John goes to concerts.,Who goes to concerts?,John.,
John swims at the beach.,Who swims at the beach?,John.,
John went to the mall.,Went where?,The mall.,
John fixed the car.,Fixed what?,The car.,
John ate fruit snacks.,Ate what?,Fruit snacks.,
John designed stickers.,Designed what?,Those stickers.,
John wrote a story.,Wrote what?,A story.,
John made a program.,Made what?,That program.,
John cleaned the room.,Cleaned what?,The room.,
John watched the kids.,Watched who?,Kids.,
John eats chicken nuggets.,Who eats chicken nuggets?,John.,
John likes fruit snacks.,Who likes fruit snacks?,John.,
John plays viola.,Who plays viola?,John.,
John conducts an orchestra.,Conducts what?,An orchestra.,
John loves warm weather.,Who loves warm weather?,John.,
John ate peppermint bites.,Ate what?,Peppermint bites.,
John likes vacations.,Who likes vacations?,John.,
John drank water today.,Drank what?,Water today.,
John likes carpet flooring.,Who likes carpet flooring?,John.,
John charged the computer.,Charged what?,The computer.,
John went to the dance.,Went where?,To the dance.,
John put stickers on the wall.,Put stickers where?,On the wall.,
John paid the bills.,Paid what?,The bills.,
John took a test.,Took what?,A test.,
John took a train.,Took what?,A train.,
John boarded the airplane.,Boarded what?,The airplane.,
John left the park.,Left where?,The park.,
John made a friend.,Made what?,Friend.,
John listened to music.,Listened to what?,Music.,
John painted a landscape.,Painted what?,A landscape.,
John improvised a presentation.,Improvised what?,A presentation.,
John performed a musical.,Performed what?,A musical.,
John studied hard.,Who studied hard?,John.,
John made a reservation at the restaurant.,Made what?,A reservation at the restaurant.,
John calculated averages.,Calculated what?,Averages.,
John lost the keys.,Lost what?,Keys.,
John sold the clothes.,Sold what?,Clothes.,
John danced all night.,Danced when?,All night.,
John knew her.,Knew who?,Her,
John recognized him.,Recognized who?,Him.,
John saw a dog.,Saw what?,Dog.,
John volunteered at the park.,Volunteered where?,At the park.,
John lost the game.,Lost what?,Game.,
John won the match.,Won what?,Match.,
John picked up the phone.,Picked up what?,The phone.,
John scrolled down the webpage.,Scrolled down what?,The webpage.,
John did the homework.,Did what?,The homework.,
John cleaned the window.,Cleaned what?,The window.,
John opened the window.,Opened what?,The window.,
John closed the door.,Closed what?,The door.,
John drew a picture.,Drew what?,Pictures.,
John took a picture.,Took what?,Them.,
John bought colored pencils.,Bought what?,Colored pencils.,
John created an origami plane.,Created what?,An origami plane.,
John slept for 15 hours.,Slept how?,John.,
John bought a leather jacket.,Bought what?,A leather jacket.,
John saw a Broadway musical.,Saw what?,A Broadway musical.,
John wrote 20 pages.,Wrote what?,20 pages.,
John needs to write 20 pages.,Needs to what?,20 pages.,
John drew on the blackboard.,Drew where?,On the blackboard.,
John found the iPad.,Found what?,iPad.,
John bought a pen and pencil.,Bought what?,Pen and pencil.,
John learned to code.,Learned what?,Code.,
John found the treasure.,Found what?,The treasure.,
John played soccer.,Played what?,Soccer.,
John was injured.,Who was injured?,John.,
John woke up to cold weather.,Woke up to what?,Cold.,
John stepped outside.,Stepped where?,Outside.,
John went to bed.,Went where?,To bed.,
John fell asleep.,Who fell asleep?,John.,
John took a nap. ,Took what?,A nap.,
John got sick.,Got what?,Sickness.,
John put on a hat.,Put on what?,A hat.,
John called the principal.,Called who?,The principal.,
John fell off a swing.,Fell off what?,Swing.,
John found seashells.,Found what?,Seashells.,
John visited a family member.,Visited who?,A family member.,
John paused the song.,Paused what?,The song.,
John invited a friend.,Invited who?,A friend.,
John hung out with a friend.,Hung out with who?,Friends.,
John composed new music.,Composed what?,New music.,
John wrote a novel.,Wrote what?,A novel.,
John exercised at the gym.,Exercised where?,At the gym.,
John stayed hydrated.,Stayed what?,Hydrated.,
John played with the dog.,Played with what?,The dog.,
John practiced for 40 hours.,Practiced how?,For 40 hours.,
John went on a rollercoaster.,Went where?,A rollercoaster.,
John rolled down the hill.,Rolled down what?,The hill.,
John turned off the light.,Turned off what?,The light.,
John knitted a scarf.,Knitted what?,A scarf.,
John voted in the election.,Voted in what?,Election.,
John drank three coffees.,Drank what?,Coffees.,
John bought new earrings.,Bought what?,Earrings.,
The girls make soup.,Who makes soup?,The girls.,
The girls make houses.,Who makes houses?,The girls.,
The girls cook beans.,Who cooks beans?,The girls.,
The girls went home early.,Went home when?,Early.,
The girls sing a song.,Who sings a song?,The girls.,
The girls love dogs.,Who loves dogs?,The girls.,
The girls play piano.,Who plays piano?,The girls.,
The girls go to concerts.,Who goes to concerts?,The girls.,
The girls swim at the beach.,Who swims at the beach?,The girls.,
The girls went to the mall.,Went where?,The mall.,
The girls fixed the car.,Fixed what?,The car.,
The girls ate fruit snacks.,Ate what?,Fruit snacks.,
The girls designed stickers.,Designed what?,Those stickers.,
The girls wrote a story.,Wrote what?,A story.,
The girls made a program.,Made what?,That program.,
The girls cleaned the room.,Cleaned what?,The room.,
The girls watched the kids.,Watched who?,Kids.,
The girls eat chicken nuggets.,Who eats chicken nuggets?,The girls.,
The girls like fruit snacks.,Who likes fruit snacks?,The girls.,
The girls play viola.,Who plays viola?,The girls.,
The girls conduct an orchestra.,Conducts what?,An orchestra.,
The girls love warm weather.,Who loves warm weather?,The girls.,
The girls ate peppermint bites.,Ate what?,Peppermint bites.,
The girls like vacations.,Who likes vacations?,The girls.,
The girls drank water today.,Drank what?,Water today.,
The girls like carpet flooring.,Who likes carpet flooring?,The girls.,
The girls charged the computer.,Charged what?,The computer.,
The girls went to the dance.,Went where?,To the dance.,
The girls put stickers on the wall.,Put stickers where?,On the wall.,
The girls paid the bills.,Paid what?,The bills.,
The girls took a test.,Took what?,A test.,
The girls took a train.,Took what?,A train.,
The girls boarded the airplane.,Boarded what?,The airplane.,
The girls left the park.,Left where?,The park.,
The girls made a friend.,Made what?,Friend.,
The girls listened to music.,Listened to what?,Music.,
The girls painted a landscape.,Painted what?,A landscape.,
The girls improvised a presentation.,Improvised what?,A presentation.,
The girls performed a musical.,Performed what?,A musical.,
The girls studied hard.,Who studied hard?,The girls.,
The girls made a reservation at the restaurant.,Made what?,A reservation at the restaurant.,
The girls calculated averages.,Calculated what?,Averages.,
The girls lost the keys.,Lost what?,Keys.,
The girls sold the clothes.,Sold what?,Clothes.,
The girls danced all night.,Danced when?,All night.,
The girls knew her.,Knew who?,Her,
The girls recognized him.,Recognized who?,Him.,
The girls saw a dog.,Saw what?,Dog.,
The girls volunteered at the park.,Volunteered where?,At the park.,
The girls lost the game.,Lost what?,Game.,
The girls won the match.,Won what?,Match.,
The girls picked up the phone.,Picked up what?,The phone.,
The girls scrolled down the webpage.,Scrolled down what?,The webpage.,
The girls did the homework.,Did what?,The homework.,
The girls cleaned the window.,Cleaned what?,The window.,
The girls opened the window.,Opened what?,The window.,
The girls closed the door.,Closed what?,The door.,
The girls drew a picture.,Drew what?,Pictures.,
The girls took a picture.,Took what?,Them.,
The girls bought colored pencils.,Bought what?,Colored pencils.,
The girls created an origami plane.,Created what?,An origami plane.,
The girls slept for 15 hours.,Slept how?,The girls.,
The girls bought a leather jacket.,Bought what?,A leather jacket.,
The girls saw a Broadway musical.,Saw what?,A Broadway musical.,
The girls wrote 20 pages.,Wrote what?,20 pages.,
The girls need to write 20 pages.,Needs to what?,20 pages.,
The girls drew on the blackboard.,Drew where?,On the blackboard.,
The girls found the iPad.,Found what?,iPad.,
The girls bought a pen and pencil.,Bought what?,Pen and pencil.,
The girls learned to code.,Learned what?,Code.,
The girls found the treasure.,Found what?,The treasure.,
The girls played soccer.,Played what?,Soccer.,
The girls were injured.,Who was injured?,The girls.,
The girls woke up to cold weather.,Woke up to what?,Cold.,
The girls stepped outside.,Stepped where?,Outside.,
The girls went to bed.,Went where?,To bed.,
The girls fell asleep.,Who fell asleep?,The girls.,
The girls took a nap. ,Took what?,A nap.,
The girls got sick.,Got what?,Sickness.,
The girls put on a hat.,Put on what?,A hat.,
The girls called the principal.,Called who?,The principal.,
The girls fell off a swing.,Fell off what?,Swing.,
The girls found seashells.,Found what?,Seashells.,
The girls visited a family member.,Visited who?,A family member.,
The girls paused the song.,Paused what?,The song.,
The girls invited a friend.,Invited who?,A friend.,
The girls hung out with a friend.,Hung out with who?,Friends.,
The girls composed new music.,Composed what?,New music.,
The girls wrote a novel.,Wrote what?,A novel.,
The girls exercised at the gym.,Exercised where?,At the gym.,
The girls stayed hydrated.,Stayed what?,Hydrated.,
The girls played with the dog.,Played with what?,The dog.,
The girls practiced for 40 hours.,Practiced how?,For 40 hours.,
The girls went on a rollercoaster.,Went where?,A rollercoaster.,
The girls rolled down the hill.,Rolled down what?,The hill.,
The girls turned off the light.,Turned off what?,The light.,
The girls knitted a scarf.,Knitted what?,A scarf.,
The girls voted in the election.,Voted in what?,Election.,
The girls drank three coffees.,Drank what?,Coffees.,
The girls bought new earrings.,Bought what?,Earrings.,
The boys make soup.,Who makes soup?,The boys.,
The boys make houses.,Who makes houses?,The boys.,
The boys cook beans.,Who cooks beans?,The boys.,
The boys went home early.,Went home when?,Early.,
The boys sing a song.,Who sings a song?,The boys.,
The boys love dogs.,Who loves dogs?,The boys.,
The boys play piano.,Who plays piano?,The boys.,
The boys go to concerts.,Who goes to concerts?,The boys.,
The boys swim at the beach.,Who swims at the beach?,The boys.,
The boys went to the mall.,Went where?,The mall.,
The boys fixed the car.,Fixed what?,The car.,
The boys ate fruit snacks.,Ate what?,Fruit snacks.,
The boys designed stickers.,Designed what?,Those stickers.,
The boys wrote a story.,Wrote what?,A story.,
The boys made a program.,Made what?,That program.,
The boys cleaned the room.,Cleaned what?,The room.,
The boys watched the kids.,Watched who?,Kids.,
The boys eat chicken nuggets.,Who eats chicken nuggets?,The boys.,
The boys like fruit snacks.,Who likes fruit snacks?,The boys.,
The boys play viola.,Who plays viola?,The boys.,
The boys conduct an orchestra.,Conducts what?,An orchestra.,
The boys love warm weather.,Who loves warm weather?,The boys.,
The boys ate peppermint bites.,Ate what?,Peppermint bites.,
The boys like vacations.,Who likes vacations?,The boys.,
The boys drank water today.,Drank what?,Water today.,
The boys like carpet flooring.,Who likes carpet flooring?,The boys.,
The boys charged the computer.,Charged what?,The computer.,
The boys went to the dance.,Went where?,To the dance.,
The boys put stickers on the wall.,Put stickers where?,On the wall.,
The boys paid the bills.,Paid what?,The bills.,
The boys took a test.,Took what?,A test.,
The boys took a train.,Took what?,A train.,
The boys boarded the airplane.,Boarded what?,The airplane.,
The boys left the park.,Left where?,The park.,
The boys made a friend.,Made what?,Friend.,
The boys listened to music.,Listened to what?,Music.,
The boys painted a landscape.,Painted what?,A landscape.,
The boys improvised a presentation.,Improvised what?,A presentation.,
The boys performed a musical.,Performed what?,A musical.,
The boys studied hard.,Who studied hard?,The boys.,
The boys made a reservation at the restaurant.,Made what?,A reservation at the restaurant.,
The boys calculated averages.,Calculated what?,Averages.,
The boys lost the keys.,Lost what?,Keys.,
The boys sold the clothes.,Sold what?,Clothes.,
The boys danced all night.,Danced when?,All night.,
The boys knew her.,Knew who?,Her,
The boys recognized him.,Recognized who?,Him.,
The boys saw a dog.,Saw what?,Dog.,
The boys volunteered at the park.,Volunteered where?,At the park.,
The boys lost the game.,Lost what?,Game.,
The boys won the match.,Won what?,Match.,
The boys picked up the phone.,Picked up what?,The phone.,
The boys scrolled down the webpage.,Scrolled down what?,The webpage.,
The boys did the homework.,Did what?,The homework.,
The boys cleaned the window.,Cleaned what?,The window.,
The boys opened the window.,Opened what?,The window.,
The boys closed the door.,Closed what?,The door.,
The boys drew a picture.,Drew what?,Pictures.,
The boys took a picture.,Took what?,Them.,
The boys bought colored pencils.,Bought what?,Colored pencils.,
The boys created an origami plane.,Created what?,An origami plane.,
The boys slept for 15 hours.,Slept how?,The boys.,
The boys bought a leather jacket.,Bought what?,A leather jacket.,
The boys saw a Broadway musical.,Saw what?,A Broadway musical.,
The boys wrote 20 pages.,Wrote what?,20 pages.,
The boys need to write 20 pages.,Needs to what?,20 pages.,
The boys drew on the blackboard.,Drew where?,On the blackboard.,
The boys found the iPad.,Found what?,iPad.,
The boys bought a pen and pencil.,Bought what?,Pen and pencil.,
The boys learned to code.,Learned what?,Code.,
The boys found the treasure.,Found what?,The treasure.,
The boys played soccer.,Played what?,Soccer.,
The boys were injured.,Who was injured?,The boys.,
The boys woke up to cold weather.,Woke up to what?,Cold.,
The boys stepped outside.,Stepped where?,Outside.,
The boys went to bed.,Went where?,To bed.,
The boys fell asleep.,Who fell asleep?,The boys.,
The boys took a nap. ,Took what?,A nap.,
The boys got sick.,Got what?,Sickness.,
The boys put on a hat.,Put on what?,A hat.,
The boys called the principal.,Called who?,The principal.,
The boys fell off a swing.,Fell off what?,Swing.,
The boys found seashells.,Found what?,Seashells.,
The boys visited a family member.,Visited who?,A family member.,
The boys paused the song.,Paused what?,The song.,
The boys invited a friend.,Invited who?,A friend.,
The boys hung out with a friend.,Hung out with who?,Friends.,
The boys composed new music.,Composed what?,New music.,
The boys wrote a novel.,Wrote what?,A novel.,
The boys exercised at the gym.,Exercised where?,At the gym.,
The boys stayed hydrated.,Stayed what?,Hydrated.,
The boys played with the dog.,Played with what?,The dog.,
The boys practiced for 40 hours.,Practiced how?,For 40 hours.,
The boys went on a rollercoaster.,Went where?,A rollercoaster.,
The boys rolled down the hill.,Rolled down what?,The hill.,
The boys turned off the light.,Turned off what?,The light.,
The boys knitted a scarf.,Knitted what?,A scarf.,
The boys voted in the election.,Voted in what?,Election.,
The boys drank three coffees.,Drank what?,Coffees.,
The boys bought new earrings.,Bought what?,Earrings.,
The grandmother makes soup.,Who makes soup?,The grandmother.,
The grandmother makes houses.,Who makes houses?,The grandmother.,
The grandmother cooks beans.,Who cooks beans?,The grandmother.,
The grandmother went home early.,Went home when?,Early.,
The grandmother sings a song.,Who sings a song?,The grandmother.,
The grandmother loves dogs.,Who loves dogs?,The grandmother.,
The grandmother plays piano.,Who plays piano?,The grandmother.,
The grandmother goes to concerts.,Who goes to concerts?,The grandmother.,
The grandmother swims at the beach.,Who swims at the beach?,The grandmother.,
The grandmother went to the mall.,Went where?,The mall.,
The grandmother fixed the car.,Fixed what?,The car.,
The grandmother ate fruit snacks.,Ate what?,Fruit snacks.,
The grandmother designed stickers.,Designed what?,Those stickers.,
The grandmother wrote a story.,Wrote what?,A story.,
The grandmother made a program.,Made what?,That program.,
The grandmother cleaned the room.,Cleaned what?,The room.,
The grandmother watched the kids.,Watched who?,Kids.,
The grandmother eats chicken nuggets.,Who eats chicken nuggets?,The grandmother.,
The grandmother likes fruit snacks.,Who likes fruit snacks?,The grandmother.,
The grandmother plays viola.,Who plays viola?,The grandmother.,
The grandmother conducts an orchestra.,Conducts what?,An orchestra.,
The grandmother loves warm weather.,Who loves warm weather?,The grandmother.,
The grandmother ate peppermint bites.,Ate what?,Peppermint bites.,
The grandmother likes vacations.,Who likes vacations?,The grandmother.,
The grandmother drank water today.,Drank what?,Water today.,
The grandmother likes carpet flooring.,Who likes carpet flooring?,The grandmother.,
The grandmother charged the computer.,Charged what?,The computer.,
The grandmother went to the dance.,Went where?,To the dance.,
The grandmother put stickers on the wall.,Put stickers where?,On the wall.,
The grandmother paid the bills.,Paid what?,The bills.,
The grandmother took a test.,Took what?,A test.,
The grandmother took a train.,Took what?,A train.,
The grandmother boarded the airplane.,Boarded what?,The airplane.,
The grandmother left the park.,Left where?,The park.,
The grandmother made a friend.,Made what?,Friend.,
The grandmother listened to music.,Listened to what?,Music.,
The grandmother painted a landscape.,Painted what?,A landscape.,
The grandmother improvised a presentation.,Improvised what?,A presentation.,
The grandmother performed a musical.,Performed what?,A musical.,
The grandmother studied hard.,Who studied hard?,The grandmother.,
The grandmother made a reservation at the restaurant.,Made what?,A reservation at the restaurant.,
The grandmother calculated averages.,Calculated what?,Averages.,
The grandmother lost the keys.,Lost what?,Keys.,
The grandmother sold the clothes.,Sold what?,Clothes.,
The grandmother danced all night.,Danced when?,All night.,
The grandmother knew her.,Knew who?,Her,
The grandmother recognized him.,Recognized who?,Him.,
The grandmother saw a dog.,Saw what?,Dog.,
The grandmother volunteered at the park.,Volunteered where?,At the park.,
The grandmother lost the game.,Lost what?,Game.,
The grandmother won the match.,Won what?,Match.,
The grandmother picked up the phone.,Picked up what?,The phone.,
The grandmother scrolled down the webpage.,Scrolled down what?,The webpage.,
The grandmother did the homework.,Did what?,The homework.,
The grandmother cleaned the window.,Cleaned what?,The window.,
The grandmother opened the window.,Opened what?,The window.,
The grandmother closed the door.,Closed what?,The door.,
The grandmother drew a picture.,Drew what?,Pictures.,
The grandmother took a picture.,Took what?,Them.,
The grandmother bought colored pencils.,Bought what?,Colored pencils.,
The grandmother created an origami plane.,Created what?,An origami plane.,
The grandmother slept for 15 hours.,Slept how?,The grandmother.,
The grandmother bought a leather jacket.,Bought what?,A leather jacket.,
The grandmother saw a Broadway musical.,Saw what?,A Broadway musical.,
The grandmother wrote 20 pages.,Wrote what?,20 pages.,
The grandmother needs to write 20 pages.,Needs to what?,20 pages.,
The grandmother drew on the blackboard.,Drew where?,On the blackboard.,
The grandmother found the iPad.,Found what?,iPad.,
The grandmother bought a pen and pencil.,Bought what?,Pen and pencil.,
The grandmother learned to code.,Learned what?,Code.,
The grandmother found the treasure.,Found what?,The treasure.,
The grandmother played soccer.,Played what?,Soccer.,
The grandmother was injured.,Who was injured?,The grandmother.,
The grandmother woke up to cold weather.,Woke up to what?,Cold.,
The grandmother stepped outside.,Stepped where?,Outside.,
The grandmother went to bed.,Went where?,To bed.,
The grandmother fell asleep.,Who fell asleep?,The grandmother.,
The grandmother took a nap. ,Took what?,A nap.,
The grandmother got sick.,Got what?,Sickness.,
The grandmother put on a hat.,Put on what?,A hat.,
The grandmother called the principal.,Called who?,The principal.,
The grandmother fell off a swing.,Fell off what?,Swing.,
The grandmother found seashells.,Found what?,Seashells.,
The grandmother visited a family member.,Visited who?,A family member.,
The grandmother paused the song.,Paused what?,The song.,
The grandmother invited a friend.,Invited who?,A friend.,
The grandmother hung out with a friend.,Hung out with who?,Friends.,
The grandmother composed new music.,Composed what?,New music.,
The grandmother wrote a novel.,Wrote what?,A novel.,
The grandmother exercised at the gym.,Exercised where?,At the gym.,
The grandmother stayed hydrated.,Stayed what?,Hydrated.,
The grandmother played with the dog.,Played with what?,The dog.,
The grandmother practiced for 40 hours.,Practiced how?,For 40 hours.,
The grandmother went on a rollercoaster.,Went where?,A rollercoaster.,
The grandmother rolled down the hill.,Rolled down what?,The hill.,
The grandmother turned off the light.,Turned off what?,The light.,
The grandmother knitted a scarf.,Knitted what?,A scarf.,
The grandmother voted in the election.,Voted in what?,Election.,
The grandmother drank three coffees.,Drank what?,Coffees.,
The grandmother bought new earrings.,Bought what?,Earrings.,
